Date,Low,High,Close,Open
"2013-11-14",3409,3422.6,3422.6,3419.8
"2013-11-18",3371.6,3400.6,3378.1,3385.8
"2013-11-19",3359.3,3397.7,3367.2,3386.1
"2013-11-20",3380.6,3405,3402.7,3382.5
"2013-11-21",3406.4,3422.1,3422,3409.5
"2013-11-25",3422.4,3455.5,3445.7,3429.6
"2013-11-26",3452,3471.6,3470.5,3454.8
"2013-11-28",3481.3,3496,3487.8,3481.3
"2013-12-02",3465.4,3487,3479.4,3479
"2013-12-03",3453.2,3493.1,3483,3463.7
"2013-12-04",3468.9,3489.1,3477.8,3484.3
"2013-12-05",3485.8,3511.1,3504.3,3511.1
"2013-12-09",3507.4,3520.7,3514.2,3510.7
"2013-12-10",3464.4,3519.2,3468.9,3514.2
"2013-12-11",3458,3479,3460.3,3471.9
"2013-12-12",3449.8,3477.9,3456.4,3476.9
"2013-12-16",3461,3482.3,3469.3,3474.7
"2013-12-17",3422.8,3510.5,3509.6,3468.1
"2013-12-18",3483,3502.2,3498.6,3499.8
"2013-12-19",3502.3,3541,3531.2,3502.5
"2013-12-23",3564.6,3574.5,3572.8,3570.5
"2013-12-25",3572.1,3586.7,3584.6,3579.6
"2013-12-26",3571,3591.3,3574,3589.1
"2013-12-30",3575.2,3592,3592,3576.2
"2014-01-01",3553.6,3577,3563.6,3575.6
"2014-01-02",3537.6,3567.5,3538.7,3564.9
"2014-01-06",3535.5,3563,3557.9,3539.3
"2014-01-07",3551.1,3575.1,3567.5,3558.3
"2014-01-08",3541.8,3579.4,3552.5,3576.3
"2014-01-09",3536.5,3568.5,3565.1,3565.7
"2014-01-13",3525.5,3581.6,3580.6,3526.2
"2014-01-14",3592.6,3615.7,3609.8,3593.8
"2014-01-15",3599.8,3614.6,3611.3,3605.4
"2014-01-16",3580.4,3608.7,3591.2,3597.4
"2014-01-20",3586,3617.7,3617.7,3611.6
"2014-01-21",3615.5,3634.6,3627.7,3623.3
"2014-01-22",3588.8,3613.8,3613.7,3612.5
"2014-01-23",3541.3,3601,3541.5,3596.9
"2014-01-27",3483.7,3509.8,3505.7,3484.4
"2014-01-28",3461.6,3500.8,3467.8,3472.4
"2014-01-29",3508.1,3544.3,3532.5,3514.3
"2014-01-30",3488.1,3539.5,3521.9,3488.4
"2014-02-03",3449.2,3480.7,3470.2,3460.1
"2014-02-04",3418.8,3469.3,3454.9,3457
"2014-02-05",3465.4,3502.5,3497.6,3465.8
"2014-02-06",3508.8,3563.1,3561.9,3522.3
"2014-02-10",3585.1,3628.6,3621.7,3587.6
"2014-02-11",3618,3635.9,3627.3,3626.1
"2014-02-12",3600.9,3659.6,3659.6,3601.8
"2014-02-13",3643.8,3671.1,3663.9,3652.9
"2014-02-17",3658.6,3685.2,3679.4,3669
"2014-02-18",3646.1,3679.7,3652.8,3668.7
"2014-02-19",3640.7,3676.9,3672,3654.9
"2014-02-20",3661.4,3687.1,3662.6,3683.4
"2014-02-24",3669.6,3697.6,3679.2,3689.7
"2014-02-25",3663.7,3702.1,3676.6,3691.8
"2014-02-26",3672.6,3704.6,3699.8,3678.3
"2014-02-27",3664.9,3722.4,3696.1,3703.5
"2014-03-03",3706.8,3723,3719.9,3710.2
"2014-03-04",3715.3,3733,3727.2,3721.5
"2014-03-05",3709.5,3738.4,3721,3735.9
"2014-03-06",3686.9,3737.3,3703.4,3736.9
"2014-03-10",3681.4,3725.7,3691.5,3715.9
"2014-03-11",3661.9,3707.2,3707.1,3678.4
"2014-03-12",3636.8,3720.7,3651.5,3719.4
"2014-03-13",3626.9,3656.9,3627.9,3643.2
"2014-03-17",3664.8,3708.3,3706.6,3667.4
"2014-03-18",3661.1,3709,3682.7,3705.5
"2014-03-19",3665.8,3705.3,3693.9,3675.6
"2014-03-20",3643.4,3717.4,3653.1,3711.5
"2014-03-24",3600.7,3659.6,3629.8,3640.3
"2014-03-25",3582.8,3654.7,3582.9,3645.7
"2014-03-26",3543,3594,3563.1,3578.5
"2014-03-27",3560.6,3609.1,3571.5,3576.2
"2014-03-31",3614.1,3659.2,3658.4,3615.9
"2014-04-01",3649.8,3676.3,3666,3670.3
"2014-04-02",3617.4,3675.7,3637.6,3670.4
"2014-04-03",3532.3,3663.8,3539.4,3659.9
"2014-04-07",3499,3544,3538.2,3511.8
"2014-04-08",3544.1,3602.4,3600.5,3552.1
"2014-04-09",3479.2,3599.7,3487.8,3597.6
"2014-04-10",3440.5,3502.3,3446.8,3453.2
"2014-04-14",3414.1,3505.7,3487.9,3484.3
"2014-04-15",3489.3,3533.1,3533.1,3517.5
"2014-04-16",3511.3,3551,3534.6,3526.6
"2014-04-21",3566.9,3596.9,3588.8,3570.5
"2014-04-22",3555.1,3588,3557,3587.6
"2014-04-23",3552.9,3613.2,3591,3609.8
"2014-04-24",3525.6,3573.9,3533.1,3569.9
"2014-04-28",3538.3,3579.1,3574,3557.8
"2014-04-29",3548.1,3585.5,3582,3556
"2014-04-30",3580.1,3613.1,3594.4,3589.7
"2014-05-01",3578.5,3611.5,3587.6,3608.8
"2014-05-05",3556.1,3599.7,3556.5,3598.3
"2014-05-06",3506.4,3567.6,3546.5,3561.5
"2014-05-07",3524.9,3583.7,3540.4,3533.4
"2014-05-08",3516.3,3556.4,3555.7,3537.7
"2014-05-12",3605.8,3625.8,3611.1,3614.9
"2014-05-13",3585.7,3614.6,3593.3,3603.6
"2014-05-14",3542.6,3598.4,3565.2,3594.6
"2014-05-15",3545.6,3590.4,3587.2,3568.2
"2014-05-19",3585.9,3624.6,3600.3,3612.9
"2014-05-20",3605.5,3636.5,3635.6,3605.8
"2014-05-21",3633.9,3660.6,3650.9,3639.5
"2014-05-22",3646.3,3678.2,3677.4,3656.3
"2014-05-26",3691.1,3723.1,3723.1,3693.2
"2014-05-27",3708.7,3726.7,3712.3,3720.9
"2014-05-28",3717.7,3735.8,3735.8,3723.3
"2014-05-29",3716.1,3741.6,3736.8,3738.7
"2014-06-02",3715.5,3736,3730.1,3719.2
"2014-06-03",3715.2,3750,3743.6,3720
"2014-06-04",3735.2,3782,3777,3748.4
"2014-06-05",3782.1,3795.1,3794.6,3792.4
"2014-06-09",3786.6,3802.5,3800.9,3790.5
"2014-06-10",3783.6,3803.9,3797.8,3789.4
"2014-06-11",3751.7,3795,3763.8,3790.6
"2014-06-12",3759.8,3784.8,3775.5,3782.8
"2014-06-16",3769.9,3790.9,3781.3,3775.7
"2014-06-17",3764.5,3807.5,3804.6,3786.2
"2014-06-18",3783.3,3811.3,3800.8,3808.8
"2014-06-19",3794.5,3807.9,3802.6,3803.1
"2014-06-23",3791.1,3837.2,3799.5,3807.5
"2014-06-24",3792.3,3831.8,3827.3,3794.8
"2014-06-25",3798.6,3827.7,3826.9,3826.7
"2014-06-26",3823.2,3844.9,3844.4,3825
"2014-06-30",3863.8,3902.9,3894.3,3864.1
"2014-07-01",3890.8,3904.4,3899.3,3895.2
"2014-07-02",3901.3,3923.1,3923,3911.1
"2014-07-07",3848.2,3906.2,3864.1,3903.4
"2014-07-08",3863.2,3896.4,3892.9,3873.2
"2014-07-09",3837.2,3895.7,3880.1,3837.3
"2014-07-10",3879.4,3905.4,3904.6,3888.8
"2014-07-14",3887.5,3940.6,3914.5,3934.8
"2014-07-15",3927,3947.5,3932.3,3943.6
"2014-07-16",3866.2,3933.9,3878,3921.9
"2014-07-17",3894.6,3942.2,3939.9,3899.4
"2014-07-21",3949.1,3966.1,3961.6,3950.8
"2014-07-22",3968,3990.7,3986.2,3974.7
"2014-07-23",3975.7,3997.5,3983.2,3994.2
"2014-07-24",3945.1,3970.5,3965.2,3959.4
"2014-07-28",3957.3,3983.5,3959.1,3974.1
"2014-07-29",3960.3,3989,3976.1,3982.1
"2014-07-30",3889.1,3948.9,3892.5,3938.3
"2014-07-31",3855.3,3908.2,3879.7,3886.1
"2014-08-04",3858.6,3901.1,3874.9,3891.1
"2014-08-05",3849.4,3896.6,3874.2,3851.4
"2014-08-06",3845.2,3895.8,3857.9,3889.7
"2014-08-07",3848.5,3890.6,3888.1,3864.1
"2014-08-11",3887.6,3916.8,3905.3,3904.5
"2014-08-12",3921.5,3949.7,3949.2,3924.5
"2014-08-13",3949.1,3969.3,3969.1,3953.3
"2014-08-14",3951.2,3997.1,3987.5,3993
"2014-08-18",4024.2,4041.5,4040.1,4025.5
"2014-08-19",4032.2,4047,4040.7,4032.9
"2014-08-20",4035.7,4049,4047,4041
"2014-08-21",4040.2,4060.9,4052.7,4052.1
"2014-08-25",4062.8,4076.6,4071.7,4073.1
"2014-08-26",4064.1,4078.2,4073.2,4073.4
"2014-08-27",4054.6,4072.3,4066.3,4059.4
"2014-08-28",4062.2,4083,4082.5,4081
"2014-09-01",4078.2,4095.9,4095.8,4093.1
"2014-09-02",4063.5,4104.5,4071,4104
"2014-09-03",4056.5,4100.8,4066.1,4078.8
"2014-09-04",4051.8,4090,4089.9,4067.4
"2014-09-08",4053.1,4110.8,4061.9,4094
"2014-09-09",4054.7,4096,4095,4063.9
"2014-09-10",4060.9,4092.8,4092.7,4077.7
"2014-09-11",4057.6,4089.7,4069.3,4087.2
"2014-09-15",4009.9,4073.1,4067.2,4012.5
"2014-09-16",4048.6,4091,4073.6,4066.8
"2014-09-17",4080.8,4103.4,4103.1,4084.5
"2014-09-18",4084.4,4118.9,4100.1,4113
"2014-09-22",4043.3,4069.2,4051.6,4045.7
"2014-09-23",4041.7,4096.3,4094.3,4055.4
"2014-09-24",4007.7,4087.2,4007.8,4079.4
"2014-09-25",4015,4057.5,4053.8,4017
"2014-09-29",4031.7,4070.5,4049.5,4054.9
"2014-09-30",3972.9,4043.4,3984.7,4043.3
"2014-10-01",3934.9,3996.8,3985.9,3984.8
"2014-10-02",3995.9,4040.6,4027.4,4004.8
"2014-10-06",3958.5,4008,3958.6,3999.3
"2014-10-07",3938.2,4048.8,4041.1,3960.8
"2014-10-08",3965.3,4040.5,3969.3,4031.6
"2014-10-09",3870.8,3969.5,3870.8,3946.3
"2014-10-13",3801.1,3860,3810.4,3837.2
"2014-10-14",3700.2,3801.4,3786,3738.7
"2014-10-15",3704.8,3795.1,3765.3,3706.7
"2014-10-16",3791.1,3849,3815.4,3815.7
"2014-10-20",3908.8,3971.4,3971.3,3916.6
"2014-10-21",3948,3988.4,3949.6,3980.5
"2014-10-22",3984.2,4032.3,4012.3,3989.9
"2014-10-23",4003.4,4045.1,4042,4019.8
"2014-10-27",4062.2,4107.2,4106.7,4063.1
"2014-10-28",4062.5,4104,4090.5,4091.6
"2014-10-29",4064.5,4109.1,4100.7,4074.3
"2014-10-30",4143.2,4170.9,4158.2,4168.5
"2014-11-03",4126.7,4165.1,4156.3,4154.9
"2014-11-04",4140.2,4179.9,4153.2,4179.2
"2014-11-05",4134,4165.8,4164.1,4147.3
"2014-11-06",4139.5,4171.2,4160.5,4170.5
"2014-11-10",4165.2,4187.3,4187.2,4173.6
"2014-11-11",4173,4199.2,4195.4,4174.5
"2014-11-12",4194.4,4228.7,4213.5,4202.8
"2014-11-13",4198.6,4225.2,4225,4215
"2014-11-17",4214.3,4248.2,4242.2,4215.2
"2014-11-18",4204.2,4235.8,4222.7,4233.7
"2014-11-19",4202.3,4245.1,4242,4204.5
"2014-11-20",4237.4,4285.3,4251.3,4284.4
"2014-11-24",4279.9,4302.5,4288.2,4290.7
"2014-11-25",4289.5,4319.4,4318,4291.9
"2014-11-27",4326.2,4347.1,4337.8,4331
"2014-12-01",4283.9,4312.9,4305.9,4291.3
"2014-12-02",4287.1,4319.1,4313,4312.2
"2014-12-03",4294,4327.6,4312,4309.5
"2014-12-04",4302.1,4324.4,4311.6,4318.3
"2014-12-08",4216.9,4297.7,4294.7,4228.2
"2014-12-09",4218.9,4297,4224.9,4284.5
"2014-12-10",4238.3,4296.8,4246.5,4241.7
"2014-12-11",4199.3,4254.4,4199.3,4207.6
"2014-12-15",4089.2,4190.4,4089.6,4122.2
"2014-12-16",4089.1,4176,4165.2,4095.8
"2014-12-17",4213.3,4267.8,4267.8,4230.4
"2014-12-18",4258.4,4300.4,4281.8,4272.8
"2014-12-22",4274.6,4309.1,4279.3,4309
"2014-12-23",4281.8,4298.9,4283.1,4283.2
"2014-12-25",4294.8,4322.4,4314.1,4295.7
"2014-12-29",4277.7,4309.1,4282.3,4301.1
"2014-12-30",4233.7,4307,4236.3,4294.9
"2015-01-01",4206.5,4276.7,4230.2,4258.6
"2015-01-05",4090.4,4176.3,4110.9,4174.8
"2015-01-06",4126.4,4170,4160,4139.9
"2015-01-07",4192.6,4247.9,4240.6,4195.5
"2015-01-08",4188.6,4254,4213.3,4251
"2015-01-12",4134.9,4252.7,4166.2,4213
"2015-01-13",4108.3,4165,4145.9,4122.1
"2015-01-14",4085.7,4169.4,4089.6,4162.1
"2015-01-15",4078.9,4143.5,4142.2,4087.9
"2015-01-19",4117.1,4181.3,4171.2,4164.4
"2015-01-20",4145.8,4211.2,4192.1,4158.1
"2015-01-21",4173.5,4274.1,4270.4,4215
"2015-01-22",4258.5,4292.9,4278.1,4268.5
"2015-01-26",4151.2,4209.4,4165.5,4200.9
"2015-01-27",4140.3,4235.1,4140.3,4233.7
"2015-01-28",4103.7,4189.5,4181.3,4134.5
"2015-01-29",4144,4210.8,4148.4,4178.6
"2015-02-02",4174.2,4229.1,4229.1,4201.9
"2015-02-03",4198.7,4248.8,4221.2,4202.4
"2015-02-04",4220.1,4258,4256.2,4229.6
"2015-02-05",4214.9,4271.3,4228.7,4260
"2015-02-09",4233,4286.4,4281.1,4240
"2015-02-10",4277.7,4305.4,4297.3,4284.8
"2015-02-11",4318,4348,4348,4321.4
"2015-02-12",4351,4384.1,4384.1,4359.8
"2015-02-16",4370.6,4387.3,4385.3,4379.3
"2015-02-17",4374.2,4393.2,4390.9,4378.7
"2015-02-18",4388.4,4415.8,4411.8,4388.9
"2015-02-19",4397.7,4444.7,4443.1,4406.8
"2015-02-23",4428.8,4455.5,4451,4442.1
"2015-02-24",4429.9,4461.1,4440.6,4441.1
"2015-02-25",4430.7,4463.8,4462.2,4443.5
"2015-02-26",4435.7,4464.4,4440.7,4459.9
"2015-03-02",4433.5,4473.6,4458.7,4466.5
"2015-03-03",4421,4452.4,4445.3,4442.4
"2015-03-04",4433.9,4464.5,4452.1,4454.9
"2015-03-05",4389.8,4453.9,4399.2,4442.2
"2015-03-09",4329.1,4381.6,4329.1,4376
"2015-03-10",4304.2,4342.8,4305.3,4336
"2015-03-11",4300.8,4339.2,4336.2,4302.7
"2015-03-12",4289.3,4347.9,4314.9,4328.1
"2015-03-16",4349.7,4384.9,4375.6,4355.8
"2015-03-17",4344.5,4440.5,4422.5,4366.8
"2015-03-18",4419.8,4440,4426.8,4424.8
"2015-03-19",4456.4,4478.7,4458.5,4468.3
"2015-03-23",4431,4467.8,4431,4444.4
"2015-03-24",4329.3,4442.6,4329.3,4437.4
"2015-03-25",4281,4340.2,4315.3,4288.2
"2015-03-26",4309.5,4342.9,4332.9,4314.6
"2015-03-30",4333.6,4377.3,4333.6,4364.1
"2015-03-31",4284.1,4334.6,4311.3,4328.2
"2015-04-01",4302.4,4327.7,4316,4316.2
"2015-04-06",4343.7,4379.4,4344.1,4349.3
"2015-04-07",4345.1,4382.8,4375.9,4345.2
"2015-04-08",4361.3,4405.7,4404,4375.8
"2015-04-09",4394.4,4422.6,4422,4402
"2015-04-13",4375.1,4418.9,4397.7,4409.3
"2015-04-14",4406,4435.2,4424.5,4409.7
"2015-04-15",4408.9,4427.2,4418.8,4412.1
"2015-04-16",4333.1,4390.3,4351.8,4379.6
"2015-04-20",4431,4448.7,4436,4444.5
"2015-04-21",4419.4,4466.9,4460.8,4448.6
"2015-04-22",4444.3,4496.1,4477.1,4445.2
"2015-04-23",4517.8,4543.6,4536.7,4529.7
"2015-04-27",4479,4537.1,4515.3,4529.4
"2015-04-28",4464,4517,4488.2,4490.6
"2015-04-29",4395.1,4480.3,4414.2,4459.2
"2015-04-30",4435.2,4479.1,4479.1,4437.7
"2015-05-04",4407.3,4472.2,4409.4,4464.2
"2015-05-05",4349.9,4430,4379.8,4420.3
"2015-05-06",4373.3,4413.7,4401.5,4377.8
"2015-05-07",4441.7,4466.2,4458.6,4445
"2015-05-11",4380.5,4441.4,4420.6,4412.8
"2015-05-12",4421.8,4460.6,4426.6,4436.1
"2015-05-13",4448.4,4496.3,4495.1,4461.1
"2015-05-14",4482.6,4509.1,4494.3,4505.4
"2015-05-18",4498.6,4521.9,4503.8,4514.7
"2015-05-19",4484.5,4533.9,4505.3,4505.6
"2015-05-20",4495.4,4537.3,4529.5,4499.4
"2015-05-21",4522.6,4542.5,4527.2,4522.9
"2015-05-25",4456.7,4521.8,4472.9,4516.6
"2015-05-26",4479.7,4551.5,4546,4488
"2015-05-27",4523.6,4548.3,4535.7,4537.5
"2015-05-28",4499.6,4539.5,4508.2,4532.1
"2015-06-01",4486.2,4531.1,4508.9,4503.8
"2015-06-02",4512.4,4539.3,4519.8,4531
"2015-06-03",4475,4526.2,4487,4501.7
"2015-06-04",4452.3,4493.4,4477.2,4483.4
"2015-06-08",4392.4,4441.6,4427.6,4421
"2015-06-09",4435.2,4497.5,4485.4,4440.5
"2015-06-10",4483.8,4511.3,4488.5,4498.5
"2015-06-11",4449.2,4476.2,4453.8,4467.4
"2015-06-15",4426.2,4463.2,4455.9,4428.3
"2015-06-16",4441.4,4482.3,4469,4465.2
"2015-06-17",4483.6,4540.7,4531.8,4483.6
"2015-06-18",4511.2,4539.5,4513.4,4538.7
"2015-06-22",4530,4551.8,4548.7,4549.5
"2015-06-23",4523.9,4561.7,4524.6,4542.1
"2015-06-24",4508.7,4546.2,4514,4540.4
"2015-06-25",4469.3,4524,4484.3,4514.4
"2015-06-29",4382,4420.5,4396.8,4414.9
"2015-06-30",4409.4,4445.9,4429.2,4433.8
"2015-07-01",4417.5,4445.9,4433.4,4440.2
"2015-07-06",4344.2,4435,4429.1,4422.8
"2015-07-07",4346.4,4403.1,4351.6,4392.5
"2015-07-08",4351.5,4414.5,4352.1,4410.3
"2015-07-09",4394,4434.1,4420.2,4406
"2015-07-13",4500.7,4537.2,4523.5,4503.2
"2015-07-14",4517.4,4547.2,4528.3,4531.3
"2015-07-15",4558.4,4595.1,4594.9,4567.1
"2015-07-16",4624.7,4661.6,4661.6,4635.5
"2015-07-20",4661.7,4686.3,4674.4,4679.5
"2015-07-21",4604.6,4643.9,4623.3,4605
"2015-07-22",4592.5,4641.6,4602.9,4627.6
"2015-07-23",4552.4,4632.1,4557.4,4631
"2015-07-27",4506.2,4568.8,4560.3,4539.5
"2015-07-28",4552.8,4586.8,4581.6,4570.5
"2015-07-29",4541,4606.7,4598.6,4570.8
"2015-07-30",4584.2,4616.5,4588.9,4616.5
"2015-08-03",4551.9,4584.5,4567.5,4573.3
"2015-08-04",4590.2,4634.7,4602.2,4592.8
"2015-08-05",4508.3,4612.6,4528.5,4608.7
"2015-08-06",4485.5,4532.5,4520.1,4519.4
"2015-08-10",4491.1,4567.7,4514,4548.8
"2015-08-11",4436.5,4539.2,4528.2,4475.9
"2015-08-12",4514.5,4556.2,4519.4,4537
"2015-08-13",4503.9,4536.2,4530.8,4512.9
"2015-08-17",4536,4562.1,4542,4556.2
"2015-08-18",4486.1,4550.7,4510.9,4525.3
"2015-08-19",4385.1,4484.4,4385.1,4467.8
"2015-08-20",4197.3,4361.3,4197.3,4313.2
"2015-08-24",4015.9,4207.4,4016.3,4187.3
"2015-08-25",4052.5,4227.8,4219.6,4141.2
"2015-08-26",4231.1,4329,4324.8,4281.6
"2015-08-27",4295.5,4340.7,4329.1,4307
"2015-08-31",4121.8,4229.3,4142.6,4177.9
"2015-09-01",4166.1,4256.2,4256.2,4207.7
"2015-09-02",4222.3,4300.3,4234.6,4267.3
"2015-09-03",4160.4,4210.8,4184.7,4175.6
"2015-09-07",4247.1,4306.5,4303.5,4267.4
"2015-09-08",4242.5,4353,4253.5,4346.4
"2015-09-09",4243.7,4326.8,4296.3,4248.5
"2015-09-10",4268.1,4323.2,4323.2,4273.6
"2015-09-14",4303.9,4373.2,4360.3,4322.4
"2015-09-15",4346.5,4388.4,4383.7,4357.4
"2015-09-16",4368.8,4450.7,4385,4379
"2015-09-17",4317.1,4374.9,4323.9,4325.3
"2015-09-21",4233.9,4286.6,4274.1,4273.3
"2015-09-22",4255.1,4294.7,4273.5,4280
"2015-09-23",4198.2,4275.7,4261.2,4239.9
"2015-09-24",4199,4308.7,4224.8,4305.4
"2015-09-28",4053.2,4155.4,4083.4,4110.3
"2015-09-29",4125.2,4181.1,4181.1,4137.2
"2015-09-30",4128.4,4194.2,4193,4185.3
"2015-10-01",4124.6,4267.5,4267.5,4137
"2015-10-05",4273.7,4332,4306.7,4315.3
"2015-10-06",4279.2,4342.6,4333.5,4331.9
"2015-10-07",4275.6,4358.1,4350.2,4316.2
"2015-10-08",4341.5,4378.2,4370,4355.2
"2015-10-12",4349.2,4400,4353,4354.1
"2015-10-13",4328.9,4373.7,4346.9,4356.8
"2015-10-14",4357.2,4418.3,4418.2,4362
"2015-10-15",4405.9,4438.8,4438.7,4420
"2015-10-19",4424.3,4463.1,4438.2,4454.6
"2015-10-20",4409.9,4464.7,4413.5,4462.2
"2015-10-21",4438.6,4504.7,4503.2,4451.3
"2015-10-22",4598.7,4645.9,4624.1,4623.7
"2015-10-26",4617.4,4645.9,4639.2,4617.6
"2015-10-27",4609.9,4678.6,4678.6,4649.1
"2015-10-28",4653,4678.2,4670.8,4657.8
"2015-10-29",4648.8,4681.2,4648.8,4676.3
"2015-11-02",4686,4735.3,4719,4692
"2015-11-03",4698.9,4737.2,4717.6,4729.1
"2015-11-04",4678.8,4731.6,4702.9,4718.5
"2015-11-05",4665.4,4710.5,4707.3,4695.9
"2015-11-09",4616.7,4647.3,4641.7,4628.8
"2015-11-10",4631.1,4677.8,4636.9,4657.2
"2015-11-11",4588.1,4639.3,4589,4617.8
"2015-11-12",4499.1,4575.8,4502.1,4566.1
"2015-11-16",4554.8,4598.2,4565.8,4571.5
"2015-11-17",4580.7,4657.6,4653.4,4586.2
"2015-11-18",4648.9,4678,4655.3,4657.6
"2015-11-19",4674.6,4691.6,4686.4,4680.5
"2015-11-23",4621.6,4682.1,4669.4,4645.5
"2015-11-24",4666.2,4683.5,4672.8,4674.2
"2015-11-26",4665.9,4689.5,4680.4,4680.4
"2015-11-30",4682.4,4716.1,4716.1,4685.7
"2015-12-01",4680.1,4739.8,4686.3,4720.3
"2015-12-02",4579.9,4705.8,4606.7,4704.2
"2015-12-03",4612.1,4722.4,4716.1,4621.5
"2015-12-07",4643.6,4708.4,4694.7,4646.4
"2015-12-08",4595,4698.3,4622.1,4674.8
"2015-12-09",4620,4674,4643.1,4627.8
"2015-12-10",4534.1,4600.9,4537.6,4583.1
"2015-12-14",4592.7,4636.8,4597.3,4607.2
"2015-12-15",4582.9,4673.6,4664.6,4633.9
"2015-12-16",4597.6,4681.1,4598.1,4680.6
"2015-12-17",4513.2,4593.4,4514.8,4578.7
"2015-12-21",4560.5,4596.1,4589.2,4580.6
"2015-12-22",4605.4,4626.2,4624.6,4612.2
"2015-12-23",4620.8,4635.6,4622.8,4626.3
"2015-12-28",4644.3,4702.8,4691.1,4645.1
"2015-12-29",4651.8,4688.7,4652,4687.2
"2015-12-30",4592.9,4642.6,4593.3,4634.2
"2016-01-04",4466,4522.1,4484.1,4512
"2016-01-05",4409.5,4467.6,4444,4409.8
"2016-01-06",4303.6,4403.6,4305.7,4349.1
"2016-01-07",4264.8,4362.4,4270.8,4336.1
"2016-01-11",4273,4353.2,4333.8,4322.8
"2016-01-12",4177.3,4359.5,4183.1,4352.6
"2016-01-13",4133.3,4308.2,4272.9,4201.2
"2016-01-14",4085.8,4184.7,4141.1,4123.9
"2016-01-18",4101.1,4202.1,4147.1,4199.6
"2016-01-19",3992.9,4178.6,4136.2,4078.2
"2016-01-20",4099.3,4200.4,4142.6,4146.5
"2016-01-21",4209.2,4260.5,4259.7,4226.4
"2016-01-25",4177.8,4251,4233.8,4211.9
"2016-01-26",4111.9,4226,4128.8,4214.9
"2016-01-27",4116.5,4197.5,4186.1,4197.2
"2016-01-28",4184.4,4279.2,4279.2,4186.4
"2016-02-01",4180.6,4265.1,4193.1,4262.5
"2016-02-02",4099.3,4218.2,4172,4213.7
"2016-02-03",4120.5,4200.9,4167.7,4158
"2016-02-04",4008.5,4152.8,4024.5,4150.4
"2016-02-08",3902.7,4008,3947.8,3903.9
"2016-02-09",3962.7,4045.5,3966.3,3996.8
"2016-02-10",3902.9,3988.7,3962.2,3910.6
"2016-02-11",3965.7,4022.1,4019.2,3996.6
"2016-02-15",4049.8,4104.3,4104.3,4077.3
"2016-02-16",4125.8,4204.6,4199.1,4138.4
"2016-02-17",4146.1,4212.6,4151.5,4212.2
"2016-02-18",4121.6,4175.1,4164.1,4129.8
"2016-02-22",4158.5,4218,4162.5,4209.3
"2016-02-23",4088.1,4206,4200.6,4116
"2016-02-24",4173.3,4241.3,4241.1,4212.5
"2016-02-25",4227.3,4275.8,4235.6,4273.6
"2016-02-29",4226,4333.6,4333.6,4238.1
"2016-03-01",4301.1,4335.4,4334.4,4328.7
"2016-03-02",4296.3,4331.5,4325.9,4330.4
"2016-03-03",4301.3,4356.3,4329,4334
"2016-03-07",4258.8,4308.8,4265.5,4272.7
"2016-03-08",4258.1,4293.2,4293.2,4281.1
"2016-03-09",4232.1,4335.4,4287,4307.9
"2016-03-10",4320.5,4361.8,4361.8,4337.1
"2016-03-14",4339.9,4371.3,4367.1,4354.4
"2016-03-15",4357.8,4416.1,4404.2,4359.7
"2016-03-16",4376.9,4413.1,4400.3,4390.1
"2016-03-17",4387.8,4420.9,4410.8,4408.8
"2016-03-21",4401.3,4450.8,4437.6,4403.5
"2016-03-22",4394.9,4434.7,4402.5,4431.8
"2016-03-23",4374.7,4406,4405.5,4380.2
"2016-03-28",4384.3,4471.8,4467.7,4391.2
"2016-03-29",4481.8,4518.2,4490.9,4494.7
"2016-03-30",4478.1,4504.2,4483.7,4491
"2016-03-31",4452.1,4534.3,4532.1,4461.8
"2016-04-04",4465,4494.7,4470.7,4479.1
"2016-04-05",4476.4,4544.6,4543.8,4476.4
"2016-04-06",4459.7,4525.7,4475.3,4519
"2016-04-07",4459.6,4515.9,4475,4507
"2016-04-11",4435.1,4503.9,4496.1,4464.1
"2016-04-12",4524.2,4560.1,4554.7,4526.9
"2016-04-13",4541.7,4569.8,4554.7,4554.7
"2016-04-14",4531,4558.9,4543.2,4550.3
"2016-04-18",4516,4574.4,4537.1,4573.6
"2016-04-19",4523.9,4562.3,4540.4,4539.2
"2016-04-20",4522.8,4558.7,4540.8,4540.7
"2016-04-21",4440.2,4502.4,4474.2,4478.5
"2016-04-25",4439.4,4490.1,4453,4480.6
"2016-04-26",4381.2,4426.3,4416.6,4412.8
"2016-04-27",4355.3,4447.2,4364,4419.1
"2016-04-28",4307.1,4373,4341.3,4367.6
"2016-05-02",4329.8,4368.8,4341.4,4349.1
"2016-05-03",4301.1,4328.2,4312,4314.5
"2016-05-04",4299.6,4333.1,4309.5,4326.9
"2016-05-05",4282,4330.3,4330.2,4290.4
"2016-05-09",4351.1,4404.1,4402,4360.7
"2016-05-10",4360.8,4408,4361,4395.9
"2016-05-11",4312.9,4377.9,4342.8,4376.1
"2016-05-12",4318.7,4364.2,4326.5,4337.8
"2016-05-16",4311.1,4385,4322.5,4376.5
"2016-05-17",4305.7,4360.9,4338.2,4314.3
"2016-05-18",4284.4,4331.6,4315.6,4319.9
"2016-05-19",4329.6,4380,4362.9,4330.1
"2016-05-23",4380.4,4449.2,4444.3,4381.3
"2016-05-24",4453.1,4488.6,4476.5,4459.3
"2016-05-25",4469.8,4494.1,4488,4478.6
"2016-05-26",4489.2,4512.6,4512.6,4491
"2016-05-30",4497.7,4526.9,4523.9,4513.9
"2016-05-31",4502.8,4530.4,4520.1,4507.2
"2016-06-01",4488.1,4531.3,4531.3,4510.8
"2016-06-02",4480.8,4523.4,4509.8,4521
"2016-06-06",4511.5,4532.3,4513.1,4527.9
"2016-06-07",4505.4,4529.1,4520.6,4521.1
"2016-06-08",4494.7,4518.5,4512.6,4501.1
"2016-06-09",4447.3,4480.5,4461.1,4473.1
"2016-06-13",4392.4,4439.7,4424.9,4413.7
"2016-06-14",4404.6,4439.6,4409.5,4433.7
"2016-06-15",4362.2,4428.3,4424.2,4387.9
"2016-06-16",4363.7,4409.8,4374.4,4409.8
"2016-06-20",4398.6,4422.6,4413.4,4408
"2016-06-21",4400.9,4442.1,4404.8,4415.5
"2016-06-22",4420.2,4467.5,4467.5,4437.6
"2016-06-23",4274.5,4373.2,4285.7,4294.8
"2016-06-27",4245.3,4291.4,4290.5,4245.3
"2016-06-28",4322.3,4373.9,4364.7,4323.3
"2016-06-29",4359.6,4418,4417.8,4378.8
"2016-06-30",4411.8,4453.9,4437.5,4411.8
"2016-07-04",4386.6,4418.1,4410.8,4414.4
"2016-07-05",4375.7,4447.2,4444.7,4388.4
"2016-07-06",4438.7,4468.3,4459.5,4451.1
"2016-07-07",4476.5,4529.7,4528.3,4484.9
"2016-07-11",4570.6,4588.3,4577.7,4579.9
"2016-07-12",4565.7,4589.9,4565.7,4589.1
"2016-07-13",4585.7,4604.8,4596.5,4597.2
"2016-07-14",4579.8,4607.2,4589.8,4602
"2016-07-18",4595.4,4617.5,4603.3,4601.7
"2016-07-19",4624,4665.7,4657.3,4630.9
"2016-07-20",4634.1,4669.6,4647.1,4663
"2016-07-21",4635.2,4670.6,4666.1,4651
"2016-07-25",4648.9,4687.9,4672.1,4664.1
"2016-07-26",4685.1,4716.1,4702.9,4711.1
"2016-07-27",4696.1,4725.7,4721.4,4710.2
"2016-07-28",4715.8,4743.2,4730.2,4734.7
"2016-08-01",4689.5,4752.3,4719.2,4748.4
"2016-08-02",4712.1,4734.4,4734.4,4716.6
"2016-08-03",4719,4749,4743.8,4731.5
"2016-08-04",4763.6,4799.9,4791.2,4769.2
"2016-08-08",4786.4,4811,4795.7,4787.9
"2016-08-09",4771.9,4799.8,4783.4,4799.8
"2016-08-10",4790.7,4813.4,4803.3,4800.6
"2016-08-11",4790.5,4807.6,4807.1,4794.4
"2016-08-15",4796.9,4815,4797.2,4814.2
"2016-08-16",4772.4,4807,4805.4,4799
"2016-08-17",4794.3,4814.5,4808.7,4802.3
"2016-08-18",4786.3,4816,4806.1,4800.2
"2016-08-22",4816.8,4836.5,4818.5,4828.8
"2016-08-23",4770.7,4821.3,4783.5,4812.5
"2016-08-24",4768,4792.5,4775.5,4773.7
"2016-08-25",4758.1,4815.6,4783.7,4782.5
"2016-08-29",4760.3,4797.7,4776,4787.8
"2016-08-30",4751.7,4775.2,4771,4770.2
"2016-08-31",4750.2,4787.9,4783.9,4774.8
"2016-09-01",4781.6,4816.7,4798.7,4806.1
"2016-09-05",4797.4,4829.5,4829.5,4806.7
"2016-09-06",4814,4839.6,4831.8,4829.9
"2016-09-07",4791.2,4816.5,4804,4816.5
"2016-09-08",4681.5,4773.7,4681.5,4763
"2016-09-12",4701.8,4756.2,4722.9,4740
"2016-09-13",4726.8,4770.4,4746.1,4726.8
"2016-09-14",4748.7,4826,4819.9,4749.7
"2016-09-15",4794.2,4821.9,4818.1,4811.8
"2016-09-19",4797.8,4824.2,4805.2,4813.8
"2016-09-20",4797.9,4858.6,4853.8,4826.6
"2016-09-21",4876.4,4895.5,4891.4,4879.3
"2016-09-22",4853.5,4882.5,4859,4881.5
"2016-09-26",4811.3,4868.4,4866.7,4813.9
"2016-09-27",4850,4877.3,4875.2,4871.8
"2016-09-28",4819.1,4875.6,4838.3,4868.5
"2016-09-29",4846.9,4889.2,4875.7,4856.1
"2016-10-03",4841.8,4891.5,4859.5,4880.6
"2016-10-04",4870.8,4891.4,4877.8,4873
"2016-10-05",4851.6,4884,4874,4872
"2016-10-06",4840.9,4884.7,4864.5,4883.9
"2016-10-10",4804.3,4890.2,4821.9,4890.2
"2016-10-11",4806.4,4836.6,4819.7,4824.3
"2016-10-12",4760.1,4816.3,4803.1,4785.6
"2016-10-13",4806.7,4846,4808.5,4828.9
"2016-10-17",4837.3,4860.7,4839.7,4849.9
"2016-10-18",4830.7,4845.1,4836.6,4833.8
"2016-10-19",4805.8,4842.3,4832.7,4831.3
"2016-10-20",4822.7,4853.6,4851.8,4836.5
"2016-10-24",4885.9,4911.8,4891.5,4908.2
"2016-10-25",4846.4,4886.3,4860.6,4863.5
"2016-10-26",4831.7,4885.9,4836.5,4883.1
"2016-10-27",4794.1,4848.5,4805.6,4820.5
"2016-10-31",4726.4,4811,4766.9,4810.3
"2016-11-01",4717.5,4773.6,4726.9,4764.8
"2016-11-02",4673,4732.2,4679.1,4718.5
"2016-11-03",4647.6,4698,4660.5,4647.6
"2016-11-07",4757.3,4825,4804.9,4766.5
"2016-11-08",4747.3,4832.9,4825.2,4748.9
"2016-11-09",4685.7,4855.8,4747,4849.7
"2016-11-10",4711.9,4759.8,4751.9,4729.1
"2016-11-14",4728,4778.7,4764.5,4733.6
"2016-11-15",4742.9,4794.5,4792.2,4745
"2016-11-16",4781.7,4826.8,4826.6,4789.8
"2016-11-17",4804.4,4840.8,4808,4832.8
"2016-11-21",4861.1,4884.6,4873.8,4876.9
"2016-11-22",4832.6,4859.6,4853.8,4856.7
"2016-11-24",4853.1,4870.9,4870,4861.5
"2016-11-28",4848.9,4896.6,4873.3,4859.9
"2016-11-29",4810.8,4880.8,4810.8,4876.3
"2016-11-30",4723.6,4810.5,4734.1,4806.8
"2016-12-01",4721.4,4759,4739.4,4734.4
"2016-12-05",4769.4,4796.6,4788.7,4786.1
"2016-12-06",4765.5,4854.4,4852,4778.9
"2016-12-07",4843.1,4869.6,4859.2,4849.8
"2016-12-08",4877.1,4897.2,4895.9,4878.5
"2016-12-12",4890.1,4960.4,4935.8,4893.6
"2016-12-13",4910.7,4955.2,4921.2,4943.6
"2016-12-14",4919.8,4959.9,4933.4,4925.6
"2016-12-15",4904.3,4952.1,4914.8,4945
"2016-12-19",4944.3,4961.5,4953.8,4948.3
"2016-12-20",4938.3,4957.5,4948.9,4952.1
"2016-12-21",4917.4,4948.4,4934.4,4948.4
"2016-12-22",4922.9,4940,4940,4927.5
"2016-12-26",4947.6,4992.1,4965.8,4948.9
"2016-12-27",4922.1,4978.4,4926.3,4976.4
"2016-12-28",4903.2,4933.7,4918.2,4923.9
"2016-12-29",4854,4927.2,4863.7,4925.4
"2017-01-02",4884.6,4928.5,4911.4,4900.9
"2017-01-03",4919.8,4944.8,4937.2,4920.8
"2017-01-04",4935.4,4967.9,4965,4936.4
"2017-01-05",4957.8,5020.7,5007.1,4973.9
"2017-01-09",5016.2,5049.8,5035.2,5027.5
"2017-01-10",5012.7,5050.2,5050.2,5033.9
"2017-01-11",4995.1,5044.4,5041.5,5029.3
"2017-01-12",5046,5067,5059.5,5047.6
"2017-01-16",5029.6,5053.2,5044.7,5043.1
"2017-01-17",5039.2,5058.2,5055.9,5050.3
"2017-01-18",5041.2,5078.4,5051.2,5061.1
"2017-01-19",5050,5085.3,5063.2,5070.1
"2017-01-23",5068.4,5108.2,5101.1,5079.6
"2017-01-24",5129,5153.2,5151.5,5132.9
"2017-01-25",5148.8,5168.2,5156.9,5164.1
"2017-01-26",5150.2,5172.4,5168.1,5169.5
"2017-01-30",5086.4,5116.8,5116.8,5107.5
"2017-01-31",5128.9,5162.4,5152.7,5157.8
"2017-02-01",5128.8,5162.6,5147.7,5141.3
"2017-02-02",5147.6,5165.5,5161.6,5153.6
"2017-02-06",5174.4,5196.3,5185.9,5178.9
"2017-02-07",5169,5201.6,5196.6,5176.5
"2017-02-08",5196.1,5221.7,5212.2,5200.2
"2017-02-09",5212.8,5234.3,5226.7,5219.8
"2017-02-13",5238.7,5271.1,5271.1,5251.4
"2017-02-14",5264.4,5304.3,5302.4,5266.1
"2017-02-15",5287.6,5316.8,5300.7,5306.4
"2017-02-16",5291.7,5324.7,5324.7,5295.5
"2017-02-20",5330.5,5353.2,5350.8,5334.6
"2017-02-21",5335.8,5354.7,5352.1,5345.2
"2017-02-22",5310,5358.5,5332.3,5358
"2017-02-23",5304,5343.3,5343.3,5305.2
"2017-02-27",5316.7,5347.5,5330.3,5344.2
"2017-02-28",5355.3,5398.4,5390.9,5368.6
"2017-03-01",5355.5,5387.7,5363.2,5386.3
"2017-03-02",5344.5,5373.5,5373.5,5355.2
"2017-03-06",5341.4,5373.3,5351.3,5348.2
"2017-03-07",5348.8,5375.8,5359.9,5351.4
"2017-03-08",5336.1,5370.7,5364,5355.8
"2017-03-09",5364.1,5394.7,5385.9,5390.5
"2017-03-13",5360.7,5384.9,5382.2,5382.8
"2017-03-14",5375.9,5426.9,5416.3,5392.5
"2017-03-15",5399.3,5423.7,5412.1,5421.5
"2017-03-16",5406.8,5423.3,5408.8,5413.5
"2017-03-20",5328.7,5439.6,5332.5,5433.3
"2017-03-21",5327.2,5372.2,5367.5,5332.6
"2017-03-22",5346.3,5375.4,5355.1,5356.7
"2017-03-23",5345.9,5392.2,5364,5376.7
"2017-03-27",5363.3,5422.3,5407.2,5371.9
"2017-03-28",5405.1,5433.3,5430.2,5410.1
"2017-03-29",5425.3,5446.5,5439.7,5430.3
"2017-03-30",5427.5,5451.5,5436.2,5431
"2017-04-03",5415.3,5441.3,5440.4,5415.5
"2017-04-04",5409.1,5479.9,5418.5,5447.3
"2017-04-05",5407.8,5435,5420.8,5423.6
"2017-04-06",5400,5434.1,5418.3,5420.9
"2017-04-10",5359.1,5422.8,5398.4,5413.9
"2017-04-11",5370.2,5399.5,5377,5394.6
"2017-04-12",5353.6,5399,5353.6,5370.7
"2017-04-17",5377.9,5405.5,5391.6,5383.7
"2017-04-18",5392.3,5431,5399.6,5416.3
"2017-04-19",5413.3,5455.9,5443.6,5422.5
"2017-04-20",5430.2,5450.8,5442.1,5447.3
"2017-04-24",5521.5,5558,5548.2,5523.5
"2017-04-25",5538,5564,5541.1,5553.6
"2017-04-26",5551.6,5573.3,5571.3,5555.3
"2017-04-27",5575.2,5600,5583.6,5598.5
"2017-05-01",5625.5,5645.1,5644.1,5642.4
"2017-05-02",5608.2,5629.8,5625.2,5624.9
"2017-05-03",5606.1,5633.5,5626.4,5623.6
"2017-05-04",5619.6,5646.1,5646.1,5640.8
"2017-05-08",5664,5691.2,5678.3,5668
"2017-05-09",5661.4,5683.6,5681.7,5681.3
"2017-05-10",5637.4,5675.5,5674.2,5662.6
"2017-05-11",5672.1,5687.4,5686.8,5683.6
"2017-05-15",5699.4,5724.7,5724.4,5715.1
"2017-05-16",5578.1,5688.7,5580.5,5673.6
"2017-05-17",5568.5,5645.1,5626.3,5569.8
"2017-05-18",5640.7,5673.6,5651.6,5640.7
"2017-05-22",5690.2,5716.5,5703.3,5714.9
"2017-05-23",5705.1,5732.5,5730.3,5720.8
"2017-05-24",5738.8,5793.1,5778.4,5748.3
"2017-05-25",5771.7,5790.2,5788.4,5782.2
"2017-05-29",5781.4,5800,5794.7,5785.4
"2017-05-30",5762.6,5813.3,5788.8,5813
"2017-05-31",5779.9,5816.6,5816.5,5804.2
"2017-06-01",5825.7,5881.4,5881.4,5834.4
"2017-06-05",5848.3,5890.9,5856.8,5869.5
"2017-06-06",5846,5883.2,5877.6,5871.8
"2017-06-07",5852.7,5895.2,5885.3,5894.8
"2017-06-08",5657.8,5897.7,5742,5891.7
"2017-06-12",5709.2,5760.5,5751.8,5740.2
"2017-06-13",5682.3,5774.2,5727,5774.1
"2017-06-14",5634.6,5707.4,5700.9,5661.4
"2017-06-15",5656.6,5695.7,5681.5,5694.2
"2017-06-19",5725,5772.2,5726.3,5763
"2017-06-20",5737,5784.9,5782.4,5740.6
"2017-06-21",5767.8,5802.4,5779.8,5787.4
"2017-06-22",5759.7,5810.3,5803.1,5775
"2017-06-26",5671.6,5761,5671.6,5752.7
"2017-06-27",5660.5,5757.3,5753,5693.5
"2017-06-28",5599.4,5723.7,5653,5723.3
"2017-06-29",5637.7,5681.9,5646.9,5676.4
"2017-07-04",5593.7,5663.6,5648.8,5611
"2017-07-05",5579.6,5628.8,5597.9,5606.4
"2017-07-06",5618.9,5673.1,5656.5,5618.9
"2017-07-10",5667.2,5717.9,5709.8,5687
"2017-07-11",5749.6,5785,5779,5757.2
"2017-07-12",5776.6,5806.2,5793.3,5785.3
"2017-07-13",5799.8,5844.8,5838,5815
"2017-07-17",5818.2,5880.5,5880.1,5832.9
"2017-07-18",5895.5,5922.4,5916.2,5898.4
"2017-07-19",5896.6,5932.6,5921.2,5929.6
"2017-07-20",5890.2,5921.5,5921.5,5905.6
"2017-07-24",5916.3,5945.1,5930.6,5927.1
"2017-07-25",5939.2,5954.4,5950.8,5944.2
"2017-07-26",5847,5995.8,5917,5994
"2017-07-27",5868.9,5918.3,5908.9,5883.7
"2017-07-31",5880.4,5905.2,5895.1,5900.6
"2017-08-01",5859.7,5936.2,5914.3,5934.1
"2017-08-02",5879.7,5917.4,5891.2,5915.7
"2017-08-03",5877.1,5912.6,5899.9,5899.7
"2017-08-07",5910.5,5972.9,5926.3,5922.6
"2017-08-08",5866.1,5920.9,5919.3,5879.5
"2017-08-09",5783.3,5887.2,5788.1,5880.1
"2017-08-10",5785.2,5844.6,5831.5,5792.3
"2017-08-14",5893.9,5919.8,5907.7,5917.3
"2017-08-15",5899.6,5945,5917.4,5920.7
"2017-08-16",5796.3,5903.9,5796.3,5896.3
"2017-08-17",5770.1,5831.1,5790.9,5803.9
"2017-08-21",5817,5879,5873.3,5817.3
"2017-08-22",5840.7,5864.8,5851.8,5842.2
"2017-08-23",5802.8,5871.9,5834.4,5864
"2017-08-24",5815.6,5870.5,5822.5,5854.3
"2017-08-28",5785.2,5871.8,5862.2,5785.3
"2017-08-29",5865.4,5940.6,5932.9,5870.9
"2017-08-30",5945.9,5995.4,5988.6,5948.7
"2017-08-31",5972.3,6009.6,5987.9,6001.8
"2017-09-04",5890.2,5980.9,5932.7,5966.6
"2017-09-05",5909.9,5964.3,5951.1,5949.5
"2017-09-06",5943.9,5980.1,5964.3,5960.4
"2017-09-07",5908,5958.8,5913.4,5957.2
"2017-09-11",5968.1,6003,5995.7,5998.8
"2017-09-12",5974.9,6004.5,6004.4,5982.9
"2017-09-13",5965.1,5997.3,5968.9,5981.9
"2017-09-14",5957.9,6009.5,5988,5965.7
"2017-09-18",5971.1,5998.2,5991,5991.9
"2017-09-19",5927.7,5994.5,5973.6,5987.7
"2017-09-20",5915.7,5965.6,5934.9,5965.6
"2017-09-21",5911.5,5937.6,5932.3,5912.2
"2017-09-25",5863,5908.5,5881.4,5893.2
"2017-09-26",5900.4,5957.8,5937.8,5913
"2017-09-27",5908.6,5939.2,5933,5920.6
"2017-09-28",5930.8,5980.2,5979.3,5941.8
"2017-10-02",5976.7,5999.2,5995.1,5986.9
"2017-10-03",5976.1,6009.8,5998.8,5983.3
"2017-10-04",6014.8,6059.2,6057.2,6018.3
"2017-10-05",6037,6064.6,6064.5,6037.4
"2017-10-09",6036.8,6084.2,6063.5,6078.3
"2017-10-10",6052.4,6082.2,6081.2,6062.7
"2017-10-11",6063.5,6093.7,6070,6072.2
"2017-10-12",6087,6100,6092.4,6094.7
"2017-10-16",6103.6,6122.8,6122.6,6111.3
"2017-10-17",6106.8,6129.5,6114.3,6128.9
"2017-10-18",6051.5,6092.9,6092.6,6074.3
"2017-10-19",6102.2,6122.6,6108.9,6114.5
"2017-10-23",6057.7,6090.9,6080.2,6078
"2017-10-24",6011.3,6087.6,6055.1,6069.4
"2017-10-25",6035.9,6066.6,6037.8,6056
"2017-10-26",6129.8,6223.5,6213.4,6138.2
"2017-10-30",6229.2,6258.4,6248.6,6241.9
"2017-10-31",6224.6,6276.7,6248.7,6274.3
"2017-11-01",6194.6,6243.8,6236.4,6238.3
"2017-11-02",6237.7,6297.6,6295.6,6266.2
"2017-11-06",6299.5,6328.6,6320.8,6314.7
"2017-11-07",6308.6,6347,6345.8,6319
"2017-11-08",6248.3,6315.2,6312.2,6295.3
"2017-11-09",6284.2,6313.1,6309,6297.1
"2017-11-13",6263.7,6300.4,6293.6,6293.3
"2017-11-14",6228,6276.8,6258.4,6261.3
"2017-11-15",6293.5,6352.5,6339.2,6293.5
"2017-11-16",6308.4,6345.5,6314.5,6343.6
"2017-11-20",6336.2,6380.1,6378.6,6336.9
"2017-11-21",6371.7,6391.1,6386.1,6384.1
"2017-11-23",6389.4,6410.7,6409.3,6393.3
"2017-11-27",6385.3,6426.1,6422.6,6419.5
"2017-11-28",6279.4,6412.7,6311.4,6412.7
"2017-11-29",6321.4,6374.2,6365.5,6337.3
"2017-11-30",6244.8,6365.3,6337.9,6325.6
"2017-12-04",6235.8,6337.1,6265.1,6242.5
"2017-12-05",6234.2,6304.1,6293,6243.7
"2017-12-06",6290.6,6333.2,6316.2,6300.6
"2017-12-07",6335.2,6377.5,6344.6,6364.6
"2017-12-11",6371.7,6403.5,6383.7,6389.5
"2017-12-12",6388.4,6416.8,6394.7,6405.4
"2017-12-13",6386.3,6423.7,6390,6407.3
"2017-12-14",6405,6470.9,6466.3,6405.1
"2017-12-18",6462.8,6510.9,6480.7,6505.4
"2017-12-19",6447.9,6504.5,6472.4,6504.5
"2017-12-20",6467.8,6501.5,6472.7,6481.1
"2017-12-21",6449,6467.8,6465.1,6462.5
"2017-12-25",6408,6438.2,6433.1,6427.3
"2017-12-26",6426,6449,6435.2,6437.1
"2017-12-27",6432.7,6452,6441.4,6449.5
"2017-12-28",6396.4,6442.5,6396.4,6439.9
"2018-01-01",6417.8,6513,6511.4,6431.6
"2018-01-02",6519.2,6579.2,6575.8,6520
"2018-01-03",6577,6603.2,6584.6,6595.8
"2018-01-04",6605,6655,6653.3,6613.1
"2018-01-08",6658.3,6696.2,6678,6692.9
"2018-01-09",6619.4,6663.5,6662.7,6640.7
"2018-01-10",6664.8,6708.5,6708.5,6675.7
"2018-01-11",6695.5,6764,6758.5,6699.3
"2018-01-15",6719.2,6835.8,6737.2,6807.9
"2018-01-16",6738.5,6820.1,6810.3,6767.9
"2018-01-17",6784.7,6826.8,6811.4,6804.6
"2018-01-18",6801.5,6843.2,6834.3,6829
"2018-01-22",6926.4,6969.4,6963.5,6928.3
"2018-01-23",6880.7,6992.9,6919.4,6975.4
"2018-01-24",6894.8,6967.6,6916.3,6965
"2018-01-25",6941.5,7023,7023,6956.7
"2018-01-29",6894.6,6958.8,6930.7,6910.4
"2018-01-30",6915.5,6983.6,6950,6972.8
"2018-01-31",6879.1,6970.8,6901.5,6910.6
"2018-02-01",6756.6,6889.1,6760.3,6866.4
"2018-02-05",6370.5,6673.4,6666,6378.6
"2018-02-06",6581.4,6716.3,6582,6633
"2018-02-07",6304.2,6606,6306.1,6595.8
"2018-02-08",6164.5,6453.5,6412.7,6395.2
"2018-02-12",6478.4,6567.7,6553.9,6482.8
"2018-02-13",6520.4,6684.2,6675.1,6523.3
"2018-02-14",6665.9,6795.9,6794.9,6734.3
"2018-02-15",6758.5,6840.6,6770.7,6778.3
"2018-02-19",6740.4,6838,6779.6,6742.1
"2018-02-20",6759.2,6879.5,6759.3,6808.6
"2018-02-21",6744.1,6826,6761.9,6793.1
"2018-02-22",6789,6897.5,6896.6,6816.4
"2018-02-26",6900.3,7003.1,6900.3,6984.8
"2018-02-27",6854.4,6964.2,6854.4,6945.2
"2018-02-28",6687.4,6892.3,6750.5,6862.9
"2018-03-01",6645,6820.4,6811,6661.9
"2018-03-05",6872.1,6937,6913,6919.8
"2018-03-06",6850.9,6935.5,6929.4,6855.6
"2018-03-07",6931.4,6971,6966.5,6955.9
"2018-03-08",7007.3,7101.3,7101.1,7014.8
"2018-03-12",7025.9,7186.1,7046.6,7172.3
"2018-03-13",7012.6,7084.1,7041,7077.9
"2018-03-14",7010,7075.6,7031,7050.7
"2018-03-15",7011.7,7061.6,7019.9,7058.1
"2018-03-19",6845.9,6902.2,6885.9,6871.1
"2018-03-20",6828.9,6930.7,6853.5,6863.3
"2018-03-21",6679.3,6809.9,6682.2,6763.9
"2018-03-22",6507.8,6708.6,6508.1,6683.2
"2018-03-26",6479.6,6793.5,6529.8,6791.4
"2018-03-27",6410,6559.9,6460.8,6488
"2018-03-28",6435.7,6640.8,6581.1,6493.5
"2018-04-02",6343.9,6485.2,6458.8,6448
"2018-04-03",6326.5,6578.5,6560,6326.5
"2018-04-04",6550.3,6632.2,6594.8,6619.2
"2018-04-05",6402,6587.4,6433.2,6514.5
"2018-04-09",6534.9,6639.9,6615.8,6585.5
"2018-04-10",6574.8,6650.3,6583.4,6578.8
"2018-04-11",6618.8,6682.7,6656.2,6627.3
"2018-04-12",6598.3,6703.3,6628.3,6696
"2018-04-16",6729.7,6834.3,6816.3,6738.6
"2018-04-17",6788.3,6857,6833.2,6824.6
"2018-04-18",6749.1,6815.1,6774.9,6793.1
"2018-04-19",6642.8,6757.7,6667.8,6754.7
"2018-04-23",6464.8,6688.9,6509.1,6680.9
"2018-04-24",6426.5,6540.7,6513.9,6514.3
"2018-04-25",6579.1,6673.6,6649.6,6606.6
"2018-04-26",6619.3,6750.8,6656.4,6748.6
"2018-04-30",6578.2,6685.4,6681.9,6592.9
"2018-05-01",6637.9,6715.9,6644.5,6694.5
"2018-05-02",6539.9,6667.3,6643.5,6608.7
"2018-05-03",6612.4,6783.4,6769.1,6618.7
"2018-05-07",6770.3,6830.9,6815.5,6813.9
"2018-05-08",6807.4,6895.9,6893.2,6830.5
"2018-05-09",6906.8,6967,6963.6,6909.2
"2018-05-10",6923.6,6969.3,6952.6,6948.9
"2018-05-14",6852.7,6912,6888.5,6909.3
"2018-05-15",6891.7,6944.5,6930,6892.9
"2018-05-16",6869.4,6953,6901.7,6905.8
"2018-05-17",6857.5,6897.9,6866.2,6876.6
"2018-05-21",6883.7,6947.4,6893.6,6934.7
"2018-05-22",6847,6954.7,6953.7,6847.3
"2018-05-23",6882.5,6963.7,6949.7,6951.5
"2018-05-24",6941.9,6982.5,6960.9,6951.5
"2018-05-28",6887.1,6964.6,6926.5,6928.5
"2018-05-29",6938,6987.6,6976.4,6955.6
"2018-05-30",6956,7016.4,6967.7,6969.9
"2018-05-31",7008,7084.9,7084,7010.1
"2018-06-04",7137.1,7179.8,7166.7,7162.4
"2018-06-05",7140.9,7212.4,7210,7180.2
"2018-06-06",7115.8,7212.4,7152.8,7212.4
"2018-06-07",7100.8,7162,7152.7,7121.8
"2018-06-11",7173.8,7214.5,7209.2,7181.7
"2018-06-12",7193,7261.2,7205.3,7219.6
"2018-06-13",7233.7,7291.3,7279.6,7233.7
"2018-06-15",7215.8,7286.2,7256.1,7285.2
"2018-06-18",7184.9,7264.7,7248.2,7250.9
"2018-06-19",7136.1,7253.2,7231.7,7250.4
"2018-06-20",7203.1,7310,7288.2,7229.7
"2018-06-21",7203.7,7332.6,7205,7290.3
"2018-06-22",7174.6,7250.7,7193.6,7204.8
"2018-06-25",6975.8,7198.3,7047.7,7195.6
"2018-06-26",7019.8,7108.5,7070.2,7046.5
"2018-06-27",6966.7,7130.1,6977.5,7076.1
"2018-06-28",6934.3,7054.8,7035.8,6976.8
"2018-06-29",7024,7103,7046.1,7033.7
"2018-07-02",6966.8,7099.4,7094.2,7053
"2018-07-03",7000.6,7144.9,7009.4,7093.8
"2018-07-04",6993.4,7030.6,7019.2,7009.9
"2018-07-05",6996.2,7107.4,7105.2,7022.7
"2018-07-06",7081.3,7216.6,7209.8,7097.2
"2018-07-09",7211.3,7283.7,7281.8,7215.1
"2018-07-10",7240.2,7315.5,7253.7,7282.5
"2018-07-11",7185.4,7271.1,7235.9,7224.3
"2018-07-12",7231,7368.7,7364.1,7238.6
"2018-07-13",7349.2,7395.5,7378,7363.5
"2018-07-16",7297.9,7395,7301.1,7388.4
"2018-07-17",7274.5,7418.4,7408.3,7301.9
"2018-07-18",7366.6,7419.8,7382.8,7407
"2018-07-19",7339.9,7400.1,7353,7384.1
"2018-07-20",7336,7400.3,7351.1,7365
"2018-07-23",7297.3,7418.4,7405.8,7358.2
"2018-07-24",7373.2,7475.7,7397.1,7404.7
"2018-07-25",7384.4,7516.2,7471.6,7397.8
"2018-07-26",7349.2,7437.4,7412.9,7384.2
"2018-07-27",7252.4,7455.4,7288.6,7418.2
"2018-07-30",7156.9,7298.3,7197.7,7282.4
"2018-07-31",7179.1,7287,7280,7197.5
"2018-08-01",7232.8,7295.7,7276,7282.5
"2018-08-02",7205.6,7385.9,7382.6,7279.1
"2018-08-03",7353.8,7405.9,7396.1,7383.1
"2018-08-06",7379,7440.3,7433.3,7396.8
"2018-08-07",7431.1,7477.5,7468.7,7431.9
"2018-08-08",7433.9,7487,7454.4,7468.4
"2018-08-09",7450,7498.1,7459.4,7454.5
"2018-08-10",7381.1,7461.7,7421.3,7461.5
"2018-08-13",7369.2,7469.9,7409.1,7403
"2018-08-14",7388,7455.6,7449.3,7411
"2018-08-15",7306.3,7452.4,7367.9,7449.3
"2018-08-16",7351.6,7423.5,7370.1,7368
"2018-08-17",7310.8,7395.1,7378,7370.8
"2018-08-20",7341.3,7409.5,7371.1,7379.7
"2018-08-21",7358.5,7441.4,7365.5,7370.6
"2018-08-22",7341,7433.7,7422.4,7358.8
"2018-08-23",7403.1,7464,7412.6,7422.2
"2018-08-24",7413.2,7491,7485.3,7416.9
"2018-08-27",7489.2,7559.8,7557.7,7489.9
"2018-08-28",7555.8,7588.3,7570.2,7559.5
"2018-08-29",7572,7665.1,7661.4,7572
"2018-08-30",7619.5,7690.2,7634.6,7663.6
"2018-08-31",7627.3,7675.6,7664.2,7634.5
"2018-09-03",7651.1,7679.2,7670.9,7664.4
"2018-09-04",7579.7,7685.9,7634.2,7673.5
"2018-09-05",7497.6,7636.9,7528.8,7636.2
"2018-09-06",7403.1,7538.2,7449,7524.1
"2018-09-07",7388.7,7489.9,7428,7449.6
"2018-09-10",7409.5,7479.4,7454.5,7427.7
"2018-09-11",7399.8,7520.4,7508.6,7455.6
"2018-09-12",7421.2,7536.1,7476.2,7508.9
"2018-09-13",7465.3,7577.8,7560.6,7478.4
"2018-09-14",7512.5,7594.5,7541.2,7559.4
"2018-09-17",7426.8,7542.9,7430.1,7529.4
"2018-09-18",7390.7,7531.6,7493.8,7431.1
"2018-09-19",7439.9,7512.7,7496.6,7495
"2018-09-20",7483.1,7585,7580.1,7498.8
"2018-09-21",7515.7,7605,7515.7,7571.7
"2018-09-24",7445.3,7563.9,7561,7501.9
"2018-09-25",7523.2,7573.9,7568.4,7561.9
"2018-09-26",7547.6,7638.8,7559.5,7568.7
"2018-09-27",7556.5,7658.7,7635.2,7562.9
"2018-09-28",7588.3,7649.4,7639.5,7634.7
"2018-10-01",7626.4,7701.3,7644.7,7646.2
"2018-10-02",7603.6,7686.3,7628.9,7648.1
"2018-10-03",7613.9,7677.8,7621.2,7628.5
"2018-10-04",7433.9,7623,7498.7,7623
"2018-10-05",7324.6,7516.3,7415.6,7498
"2018-10-08",7264.5,7430.9,7368.2,7424.4
"2018-10-09",7314.3,7431.2,7370.7,7368.2
"2018-10-10",6976.7,7388.4,6977.9,7372.4
"2018-10-11",6889.1,7114.4,7022.1,6986.9
"2018-10-12",7014.4,7179.5,7164.9,7020.7
"2018-10-15",7044.2,7157.6,7052.4,7157.6
"2018-10-16",7046.7,7338.2,7322.9,7050.8
"2018-10-17",7205,7350.3,7296.2,7324.7
"2018-10-18",7080.5,7291.8,7140.9,7290
"2018-10-19",7078,7229.8,7087.7,7139.5
"2018-10-22",7041.3,7195.5,7140,7053.8
"2018-10-23",6928.9,7150.1,7126.2,7138.6
"2018-10-24",6775,7160.4,6864.4,7122.5
"2018-10-25",6805.3,7065,6876.4,6864.7
"2018-10-26",6724.5,6978,6860.4,6871.2
"2018-10-29",6572.3,6983.2,6710.9,6922.1
"2018-10-30",6652.1,6841.3,6841.3,6702.1
"2018-10-31",6806.8,7030.4,6949.6,6821.5
"2018-11-01",6928.1,7071.6,6973.3,6965.1
"2018-11-02",6907.4,7135.2,6969.5,6992.3
"2018-11-05",6859,6991.9,6936.7,6951.3
"2018-11-06",6898.7,7025.9,7004.2,6943.5
"2018-11-07",6964.3,7211.8,7199.6,6990.3
"2018-11-08",7123.3,7217.9,7141.7,7199.5
"2018-11-09",6981.5,7156.6,7019.7,7146.9
"2018-11-12",6817.5,7095.3,6832.7,7024.8
"2018-11-13",6792.8,6952.4,6847.8,6826.4
"2018-11-14",6734.4,6917.2,6762.5,6867.6
"2018-11-15",6698.5,6908.4,6866.6,6760.2
"2018-11-16",6794.1,6899.8,6884.6,6859.1
"2018-11-19",6622.6,6923.1,6655.8,6856.7
"2018-11-20",6440.1,6652.1,6512.3,6642.5
"2018-11-21",6508.1,6639.5,6568.4,6508.9
"2018-11-22",6498.6,6589.1,6516.4,6576.8
"2018-11-23",6486.7,6592.9,6520.4,6535.2
"2018-11-26",6541.7,6688.9,6640.1,6545.1
"2018-11-27",6606.4,6716.5,6713.9,6635.5
"2018-11-28",6702.1,6915.3,6901.9,6714.3
"2018-11-29",6838.5,6937.9,6897.3,6903.3
"2018-11-30",6865.8,6961.3,6956.8,6896.8
"2018-12-03",7012.1,7132.7,7050.1,7078.6
"2018-12-04",6776.3,7046.5,6779.3,7031.6
"2018-12-05",6810.8,6855,6824.9,6817.3
"2018-12-06",6624.1,6848.6,6830.1,6739.7
"2018-12-07",6591.9,6850.3,6629.8,6842.3
"2018-12-10",6532.1,6710.2,6692.2,6568.1
"2018-12-11",6647.3,6804.5,6684.8,6675.8
"2018-12-12",6689.2,6867.3,6766.9,6701.2
"2018-12-13",6719.9,6834.6,6745.2,6786.4
"2018-12-14",6580.8,6756.6,6581.6,6747.7
"2018-12-17",6397.5,6632.7,6465.9,6611.1
"2018-12-18",6428.3,6552.2,6438.9,6486.9
"2018-12-19",6278.5,6583.5,6323.4,6466.3
"2018-12-20",6159.9,6385,6290.4,6351.1
"2018-12-21",6011.3,6316.5,6059.2,6286.9
"2018-12-24",5868.2,6103.6,5871.8,6043.9
"2018-12-26",5816.6,6290,6265.4,5881
"2018-12-27",6041.6,6318.6,6294.7,6242.9
"2018-12-28",6231.2,6389.1,6279,6274.7
"2018-12-31",6271.1,6362.2,6340.4,6328.4
"2019-01-01",6340.3,6340.3,6340.3,6340.3
"2019-01-02",6142.1,6396.7,6226.6,6360.6
"2019-01-03",6137.7,6289.9,6154.8,6204.3
"2019-01-04",6125.3,6449.9,6415,6154.4
"2019-01-07",6386.3,6523.6,6488.3,6475.2
"2019-01-08",6455,6572.2,6539.6,6481.8
"2019-01-09",6548.3,6631.5,6586.6,6556.7
"2019-01-10",6514.5,6629,6611.7,6579.6
"2019-01-11",6560.1,6619.7,6602,6604.4
"2019-01-14",6511.2,6572.9,6534.2,6567.3
"2019-01-15",6539.7,6677.5,6662,6540.3
"2019-01-16",6651.4,6724,6659.1,6678.8
"2019-01-17",6599.6,6748.7,6713.7,6647.3
"2019-01-18",6702,6817.6,6793.6,6704.1
"2019-01-21",6730.3,6773.6,6751.8,6769.1
"2019-01-22",6601.1,6766.5,6641.9,6758.7
"2019-01-23",6582.3,6713.1,6656.7,6642.4
"2019-01-24",6644,6710.7,6674.3,6651.1
"2019-01-25",6674.2,6802.2,6785.7,6678.7
"2019-01-28",6642,6776.3,6687.9,6765.9
"2019-01-29",6609.3,6714.2,6687.1,6674
"2019-01-30",6650.1,6838.6,6838.1,6671.9
"2019-01-31",6831.5,6937.2,6895.7,6856.8
"2019-02-01",6856.1,6922.2,6874.2,6884.4
"2019-02-04",6861.4,6975.3,6937.5,6873.3
"2019-02-05",6925.1,7030.2,7006.5,6933.8
"2019-02-06",6969.2,7033.5,6983.4,7008.1
"2019-02-07",6853.2,6989.7,6894.8,6987.8
"2019-02-08",6834.8,6918.1,6915.3,6877.8
"2019-02-11",6888.6,6961.7,6902,6905.9
"2019-02-12",6905.4,7021.1,7008.6,6907.7
"2019-02-13",7003.5,7062.6,7005.6,7018
"2019-02-14",6964.4,7049.2,7012.6,7012.5
"2019-02-15",6969.7,7088.4,7058.3,7013.7
"2019-02-18",7050.2,7077.3,7075.2,7060.9
"2019-02-19",7029.9,7088.8,7055.9,7069
"2019-02-20",7025,7097,7061.8,7059.9
"2019-02-21",6997.7,7105.5,7025.1,7061.6
"2019-02-22",7012.4,7094.2,7092.2,7025.7
"2019-02-25",7094.8,7161.2,7113.9,7112
"2019-02-26",7066.9,7145.1,7106.2,7106.6
"2019-02-27",7043.2,7125.8,7111.8,7106.7
"2019-02-28",7064.7,7125.4,7103.3,7111.3
"2019-03-01",7099,7160,7152.6,7099.7
"2019-03-04",7070.1,7206.8,7138.1,7197.7
"2019-03-05",7119.9,7178.1,7147.5,7137.6
"2019-03-06",7101.8,7166,7103.7,7147.9
"2019-03-07",7000.3,7117.7,7021.4,7097.7
"2019-03-08",6935.5,7030.4,7027.9,7029.9
"2019-03-11",6992.8,7172.9,7167.5,7018.5
"2019-03-12",7157.7,7220.8,7205.1,7192.5
"2019-03-13",7180.8,7292.8,7268.3,7202.9
"2019-03-14",7234.7,7286.7,7238,7275.3
"2019-03-15",7240.7,7331,7314.2,7244.5
"2019-03-18",7291.3,7348.9,7331.8,7303.3
"2019-03-19",7320.8,7391.3,7343.9,7332.3
"2019-03-20",7317.5,7424.5,7370.2,7338.4
"2019-03-21",7334.5,7509,7497.3,7376.5
"2019-03-22",7322.4,7513,7328.3,7498.6
"2019-03-25",7259.2,7340.2,7329.7,7334.4
"2019-03-26",7313.6,7417.6,7353.4,7322.7
"2019-03-27",7250.1,7376.9,7300.9,7345.4
"2019-03-28",7261.1,7344.4,7327,7291.9
"2019-03-29",7327.4,7389.1,7386.4,7328
"2019-04-01",7405.9,7482,7471.3,7405.9
"2019-04-02",7458.1,7507.6,7490,7469.6
"2019-04-03",7488,7590.5,7552.3,7491.8
"2019-04-04",7495.1,7569.9,7534.8,7555.5
"2019-04-05",7528.7,7586.4,7584.1,7533.6
"2019-04-08",7535.4,7603.6,7600.3,7580.6
"2019-04-09",7554.7,7607.3,7564.1,7599.8
"2019-04-10",7551.4,7621.2,7618.7,7566
"2019-04-11",7579.1,7635.7,7595.3,7619.2
"2019-04-12",7587.7,7641.7,7628.9,7593.8
"2019-04-15",7576.4,7636.3,7626.3,7628.9
"2019-04-16",7626.3,7671.3,7653,7628
"2019-04-17",7645.3,7710.5,7665.4,7654.1
"2019-04-18",7639.1,7701.6,7694.3,7670.4
"2019-04-22",7649.4,7725.9,7718.9,7689.6
"2019-04-23",7704.6,7823.2,7811.1,7718.1
"2019-04-24",7782.8,7832.8,7818.3,7813.2
"2019-04-25",7776.4,7859.6,7778.6,7835.4
"2019-04-26",7739,7828.2,7818.5,7782
"2019-04-29",7788.8,7851.4,7788.8,7821
"2019-04-30",7724.1,7840.1,7833.3,7786.5
"2019-05-01",7720.5,7852.2,7721.4,7831.9
"2019-05-02",7669.2,7791.4,7724.2,7733.8
"2019-05-03",7721.7,7858.5,7855.7,7721.9
"2019-05-06",7652.1,7804.3,7726.4,7760.3
"2019-05-07",7570.2,7790.4,7657.8,7731.3
"2019-05-08",7590.4,7685.9,7628.4,7651.8
"2019-05-09",7471.4,7632.4,7579.3,7627.6
"2019-05-10",7424.5,7640.9,7596.8,7577.7
"2019-05-13",7293.7,7538.1,7301.2,7519.2
"2019-05-14",7280.1,7448.9,7410.7,7298
"2019-05-15",7339.8,7525.2,7511.1,7415.2
"2019-05-16",7458.4,7627.3,7588,7509.2
"2019-05-17",7493.6,7606.9,7497.6,7586.7
"2019-05-20",7348.8,7545.8,7392.4,7500.8
"2019-05-21",7388.2,7473.4,7448.8,7395.5
"2019-05-22",7379.3,7462.7,7413.3,7450.7
"2019-05-23",7259.5,7422.3,7305.2,7418.8
"2019-05-24",7292.7,7370.2,7302.6,7307.3
"2019-05-27",7285.3,7329.6,7308.1,7308.5
"2019-05-28",7272.7,7363.2,7281.8,7306
"2019-05-29",7175.7,7287,7204.4,7282.5
"2019-05-30",7199.8,7263.9,7245.6,7205.6
"2019-05-31",7122.7,7248.2,7129.5,7243.9
"2019-06-03",6935.7,7125.8,7002.2,7101.8
"2019-06-04",6975.7,7180.1,7178.9,7002.4
"2019-06-05",7144.5,7239,7222.9,7182.8
"2019-06-06",7174,7293.3,7257.7,7206.6
"2019-06-07",7251.9,7446.4,7420.6,7260.4
"2019-06-10",7425.2,7573.7,7512.2,7471.4
"2019-06-11",7487.5,7595.6,7512.4,7514.1
"2019-06-12",7457.2,7525.3,7469.4,7512.3
"2019-06-13",7416.5,7530.3,7506.1,7470.3
"2019-06-14",7447.4,7516.5,7478.5,7497.4
"2019-06-17",7475.9,7547.1,7536.2,7478.9
"2019-06-18",7511.3,7689.8,7639.4,7540.1
"2019-06-19",7602.4,7682.5,7666.1,7641
"2019-06-20",7662.2,7790.2,7734.4,7665.5
"2019-06-21",7696.8,7773,7715.1,7734.2
"2019-06-24",7711.8,7763.3,7725.9,7713.4
"2019-06-25",7581.5,7749.7,7603.5,7723.1
"2019-06-26",7586.7,7689.5,7612.1,7603.2
"2019-06-27",7613.4,7684.6,7656.8,7613.4
"2019-06-28",7636.9,7698.8,7694.3,7656.9
"2019-07-01",7732.7,7822.8,7764,7790.3
"2019-07-02",7736.5,7815.8,7812.4,7765.7
"2019-07-03",7797.4,7862.9,7862.8,7813.3
"2019-07-04",7854.5,7880.2,7867.7,7861
"2019-07-05",7771.1,7881.6,7829.3,7871.1
"2019-07-08",7752.4,7837.4,7776.4,7832.2
"2019-07-09",7718.8,7834.2,7822.9,7777.8
"2019-07-10",7787,7924.5,7898.8,7823.5
"2019-07-11",7871.5,7937.5,7894.4,7899.2
"2019-07-12",7888.7,7944.3,7933.3,7893.6
"2019-07-15",7917.9,7969.5,7960.7,7933.5
"2019-07-16",7905.1,7978.5,7914.6,7961.3
"2019-07-17",7846.7,7943.9,7847.4,7917.4
"2019-07-18",7811.9,7935,7927.7,7846.7
"2019-07-19",7799,7960.6,7800.8,7930.7
"2019-07-22",7809.6,7919,7908.1,7813.5
"2019-07-23",7892.4,7969.2,7922.4,7909
"2019-07-24",7909,8034,7983.3,7927.5
"2019-07-25",7904,8017.2,7966.7,7988.5
"2019-07-26",7973.8,8026.3,8002.4,7979
"2019-07-29",7939.1,8016.8,7989.5,8006.9
"2019-07-30",7914.3,8005.8,7973.5,7990.1
"2019-07-31",7769.4,7987,7826.3,7979.1
"2019-08-01",7764.6,8003,7779.4,7821.5
"2019-08-02",7644.3,7794.7,7698.3,7786
"2019-08-05",7353.6,7697.9,7357.8,7677.5
"2019-08-06",7219.7,7541.5,7509,7338.4
"2019-08-07",7382.5,7569.3,7542.9,7504.9
"2019-08-08",7521.4,7730.8,7717.6,7546.5
"2019-08-09",7589.8,7712.8,7659,7698.9
"2019-08-12",7527.2,7700.1,7561.9,7648.6
"2019-08-13",7506,7776.7,7737,7561
"2019-08-14",7465.6,7748.3,7465.6,7735.3
"2019-08-15",7377.4,7560.3,7497,7466
"2019-08-16",7492.6,7623,7599.7,7499.2
"2019-08-19",7615.9,7740.8,7709.3,7622.2
"2019-08-20",7645.4,7741.8,7648,7707.4
"2019-08-21",7642.2,7755.9,7746.3,7644.9
"2019-08-22",7646.8,7771.4,7697.9,7745.8
"2019-08-23",7441.8,7754.2,7483.4,7698.3
"2019-08-26",7350.3,7618.5,7580.6,7396.5
"2019-08-27",7530.1,7641.2,7555.8,7584.3
"2019-08-28",7496.4,7598.7,7572.2,7555.8
"2019-08-29",7540.4,7723.3,7697.4,7574
"2019-08-30",7640.2,7763.5,7669.6,7698.3
"2019-09-02",7576.2,7689.5,7607.8,7593.2
"2019-09-03",7583.1,7670.8,7611,7612.6
"2019-09-04",7603.7,7724.8,7715.2,7607.4
"2019-09-05",7711.2,7881,7844.3,7715.5
"2019-09-06",7834.3,7889.5,7859,7848.1
"2019-09-09",7794.6,7882.3,7827.7,7863.4
"2019-09-10",7740.3,7853,7813.9,7829.8
"2019-09-11",7782.7,7893,7885.7,7814.2
"2019-09-12",7881.1,7976.9,7905.6,7887.2
"2019-09-13",7878.2,7953.2,7884.2,7911.3
"2019-09-16",7829.9,7869.9,7860.9,7852.1
"2019-09-17",7825,7895.1,7890.1,7861
"2019-09-18",7788.6,7904.9,7898.6,7889.9
"2019-09-19",7827.6,7949.7,7894.8,7899.4
"2019-09-20",7790.6,7928.2,7810.2,7893.6
"2019-09-23",7787.7,7875,7845.4,7845.1
"2019-09-24",7682.8,7879.9,7718.8,7846.2
"2019-09-25",7645.2,7823.1,7801.8,7716.8
"2019-09-26",7716.6,7821.7,7766.7,7795.9
"2019-09-27",7624.1,7802.8,7697.6,7767.9
"2019-09-30",7689,7768.6,7765,7731.6
"2019-10-01",7672.7,7822.1,7692.8,7764.2
"2019-10-02",7511.9,7712.2,7540.9,7693.3
"2019-10-03",7459.8,7646.1,7644.8,7539.9
"2019-10-04",7610.1,7758.6,7754.2,7642.8
"2019-10-07",7686,7786.2,7725.8,7686
"2019-10-08",7601,7771,7610.3,7722.5
"2019-10-09",7594.3,7718.1,7692.4,7608.5
"2019-10-10",7570.2,7786.3,7777.8,7688.4
"2019-10-11",7754.8,7904.7,7844.1,7770.8
"2019-10-14",7793.5,7880.6,7848.1,7840.6
"2019-10-15",7847.8,7960.5,7947.5,7848.1
"2019-10-16",7895.9,7948,7941.1,7947.7
"2019-10-17",7913,7983.1,7943.1,7942.8
"2019-10-18",7826,7946.8,7873.5,7941.4
"2019-10-21",7858.6,7941.4,7939.4,7860.5
"2019-10-22",7826.8,7980.1,7832.5,7940.6
"2019-10-23",7799.9,7909,7907.2,7835.8
"2019-10-24",7904.3,7975.4,7917.8,7914
"2019-10-25",7909.9,8033.2,8029.5,7920.1
"2019-10-28",8040.9,8119.2,8098.5,8045
"2019-10-29",8042.1,8110.9,8047,8097.6
"2019-10-30",8012.7,8132.5,8113.1,8048.5
"2019-10-31",8038.3,8130.3,8088.5,8112.5
"2019-11-01",8078.2,8162.6,8157.7,8079
"2019-11-04",8168,8228.3,8211.9,8171.5
"2019-11-05",8189.5,8242.9,8200.4,8234.8
"2019-11-06",8155.5,8222.1,8199.9,8207.7
"2019-11-07",8180.4,8274.1,8224.5,8193
"2019-11-08",8183.7,8255.8,8251.7,8229.5
"2019-11-11",8198.8,8248.2,8247.9,8243.6
"2019-11-12",8220.6,8293.1,8258.9,8236.4
"2019-11-13",8212.7,8274.6,8259.4,8257.2
"2019-11-14",8210,8276.7,8256.3,8255.6
"2019-11-15",8257.6,8316.5,8314.9,8264.1
"2019-11-18",8272.6,8359,8329.1,8303.2
"2019-11-19",8306.9,8372.3,8323.3,8321.6
"2019-11-20",8222.4,8339.5,8263.9,8307.7
"2019-11-21",8232,8299.3,8268.6,8261.9
"2019-11-22",8227.4,8305.8,8276.2,8263.4
"2019-11-25",8294.8,8373.3,8368.8,8300.3
"2019-11-26",8360.4,8414.4,8393,8369.4
"2019-11-27",8391,8454.9,8453.7,8395
"2019-11-28",8409.1,8442.8,8436,8420
"2019-11-29",8402.2,8445.4,8415.3,8443.2
"2019-12-02",8273.1,8451.9,8305.7,8426.3
"2019-12-03",8165,8333.3,8251,8300.7
"2019-12-04",8217,8315.8,8292.6,8257.4
"2019-12-05",8270.7,8335.1,8306.3,8286.1
"2019-12-06",8310.7,8406,8400,8310.7
"2019-12-09",8342.3,8423.8,8347.3,8400.3
"2019-12-10",8292.5,8394.6,8363.6,8353.6
"2019-12-11",8340.8,8406.8,8400.9,8356.7
"2019-12-12",8376.5,8493.3,8468.6,8409.6
"2019-12-13",8432.3,8519.3,8490.3,8497.6
"2019-12-16",8504.5,8586.6,8572.5,8505
"2019-12-17",8559.4,8592.9,8567.4,8565.3
"2019-12-18",8563.5,8610.2,8587.3,8571.4
"2019-12-19",8575.7,8651.2,8649,8588.8
"2019-12-20",8634.4,8693.3,8680.3,8648.5
"2019-12-23",8682.7,8713.2,8699.5,8692.3
"2019-12-24",8679.6,8707.8,8703,8700.8
"2019-12-26",8702.2,8780.4,8774.9,8703.3
"2019-12-27",8746.8,8817.2,8755.6,8782.1
"2019-12-30",8668.7,8786.5,8710.1,8774.6
"2019-12-31",8670.8,8749.1,8748.1,8713
"2020-01-02",8749.4,8905.8,8885,8753.4
"2020-01-03",8717.7,8888.5,8792.6,8880.2
"2020-01-06",8706,8854.3,8832.1,8760.5
"2020-01-07",8809.1,8876.1,8825.6,8830.2
"2020-01-08",8661.7,8953.3,8926,8735.4
"2020-01-09",8913.8,9003.4,8989.3,8933
"2020-01-10",8950.2,9038,8960.6,8999.4
"2020-01-13",8968.5,9079.4,9070.1,8970.8
"2020-01-14",9019.3,9098.6,9042.6,9088.7
"2020-01-15",9007.6,9080.1,9045.8,9014.7
"2020-01-16",9048,9127.2,9122.2,9058.2
"2020-01-17",9118.5,9176.6,9159.2,9132.3
"2020-01-20",9147.3,9174,9164.1,9172
"2020-01-21",9102,9187.7,9163.8,9157.4
"2020-01-22",9164.8,9242.1,9177.1,9165.7
"2020-01-23",9139.7,9242,9237.8,9170.3
"2020-01-24",9099.2,9275.7,9126.3,9258.6
"2020-01-27",8915.5,9042.8,8944.3,9003.5
"2020-01-28",8955,9127.9,9114.6,8968.9
"2020-01-29",9064.6,9150.7,9099.2,9091.6
"2020-01-30",8995.1,9231.7,9216.9,9113.2
"2020-01-31",8960.4,9240.4,9007,9209.8
"2020-02-03",9005.4,9148.1,9093.3,9014.2
"2020-02-04",9080.7,9361.9,9354.6,9082.8
"2020-02-05",9310.9,9455.3,9377.5,9330.1
"2020-02-06",9353.7,9453.7,9448.8,9371
"2020-02-07",9375.4,9459.8,9390,9456.7
"2020-02-10",9346.1,9521.6,9512.8,9346.6
"2020-02-11",9492.9,9601.8,9523.6,9515.6
"2020-02-12",9515,9617.6,9608,9532
"2020-02-13",9501,9637.1,9612.2,9566.9
"2020-02-14",9581,9650.1,9625.6,9601.6
"2020-02-17",9589.4,9678.1,9612.9,9654.5
"2020-02-18",9525,9646.7,9628.2,9593.8
"2020-02-19",9636.7,9737.7,9723.6,9653.6
"2020-02-20",9507.3,9751.3,9605.8,9733.3
"2020-02-21",9404.4,9600.9,9447.2,9590.4
"2020-02-24",9035.2,9315.9,9083.6,9301.7
"2020-02-25",8804.4,9216.3,8858,9132
"2020-02-26",8703.2,9031.9,8820.1,8914.4
"2020-02-27",8329.5,8844.9,8349.6,8824.3
"2020-02-28",8122.1,8572.6,8545.6,8407.5
"2020-03-02",8314.7,8882.4,8831.2,8353.9
"2020-03-03",8512.8,9001.1,8545.1,8858.5
"2020-03-04",8557.5,8948.8,8888.6,8561.1
"2020-03-05",8612.6,8884.9,8675.9,8880.6
"2020-03-06",8313.8,8726.7,8500,8694.8
"2020-03-09",7885.3,8244.3,7916.1,8170
"2020-03-10",7939.65,8384.4,8329.2,8019.2
"2020-03-11",7898.15,8266,7994.2,8245.8
"2020-03-12",7074.7,8093.6,7075,8093.1
"2020-03-13",6945.5,7979,7820.7,7192.6
"2020-03-16",6928.5,7559.8,7025.2,7105.5
"2020-03-17",6952.1,7556.2,7343.1,7093.1
"2020-03-18",6827.4,7329.7,7242.8,7294.1
"2020-03-19",6892,7517.4,7196.2,7339
"2020-03-20",6902.6,7645.5,6936.8,7159.9
"2020-03-23",6640.4,7325.7,7025.1,6674.1
"2020-03-24",7041.6,7577.7,7545.1,7094.6
"2020-03-25",7378.9,7766.4,7496.6,7591
"2020-03-26",7325.1,7907.1,7887.7,7503.4
"2020-03-27",7568.6,7906.6,7571.5,7832.4
"2020-03-30",7448.3,7899.2,7868,7458.1
"2020-03-31",7764.2,8013.9,7800.2,7871
"2020-04-01",7421.5,7789.5,7479.3,7788.7
"2020-04-02",7392.2,7669.6,7635.1,7488.5
"2020-04-03",7437.9,7672.8,7537,7638.4
"2020-04-06",7638.1,8108.3,8046.8,7640.3
"2020-04-07",7956.93,8312.05,8008.93,8038.05
"2020-04-08",7963.5,8253,8210.93,8024.54
"2020-04-09",8114.1,8336.45,8254.28,8206
"2020-04-13",8098.4,8350.78,8350.78,8151.9
"2020-04-14",8331.35,8714.42,8714.18,8351.1
"2020-04-15",8497.65,8715.3,8586.05,8715.3
"2020-04-16",8511.55,8853.3,8848.18,8585.5
"2020-04-17",8702.6,8977.43,8821.93,8924.93
"2020-04-20",8699.9,8856.69,8724.7,8763.3
"2020-04-21",8356.1,8775.5,8448.24,8711.18
"2020-04-22",8413.4,8711.05,8645.89,8459.74
"2020-04-23",8594.79,8798,8612.92,8648.76
"2020-04-24",8510.8,8791.2,8776.18,8600.4
"2020-04-27",8743.2,8907.9,8830.17,8743.2
"2020-04-28",8666.37,8956.9,8710.97,8830.4
"2020-04-29",8745.3,9129.73,9129.36,8777.78
"2020-04-30",8867.97,9155.53,8878.21,9112.69
"2020-05-01",8685.43,8889.08,8716.31,8854.43
"2020-05-04",8569.6,8838.73,8821.36,8620.89
"2020-05-05",8810.74,9031.79,8944.55,8818.49
"2020-05-06",8888.32,9067.2,8959.01,8938.03
"2020-05-07",8941.5,9136.49,9129.27,8958.73
"2020-05-08",9111.1,9245,9227.99,9119.49
"2020-05-11",9125.5,9346.73,9287.35,9224.4
"2020-05-12",9049.4,9352.71,9052.55,9290.01
"2020-05-13",8887.97,9209.94,9021.91,9054.4
"2020-05-14",8856,9111.95,9097.87,9021.1
"2020-05-15",8933.12,9157.18,9125.72,9091.82
"2020-05-18",9163.67,9368.4,9324.43,9165.9
"2020-05-19",9290.11,9423.87,9303.72,9326.77
"2020-05-20",9277.6,9500.44,9497.69,9291.2
"2020-05-21",9357.2,9513.63,9362.93,9499.9
"2020-05-22",9246.3,9426.3,9425.8,9363.4
"2020-05-25",9420.55,9540.4,9532,9452.3
"2020-05-26",9377.26,9607.4,9415.48,9534
"2020-05-27",9178.84,9511.2,9445.56,9414.44
"2020-05-28",9323.69,9568.85,9464.42,9435.8
"2020-05-29",9375.92,9592,9589.8,9455.47
"2020-06-01",9481.76,9609.44,9598.34,9496.75
"2020-06-02",9510.29,9673.6,9661.79,9592.3
"2020-06-03",9638.2,9730.4,9694.19,9659.7
"2020-06-04",9575.52,9744.65,9645.85,9689.59
"2020-06-05",9605.2,9846.9,9809.03,9646.1
"2020-06-08",9750.94,9902.71,9885.7,9853
"2020-06-09",9813.58,10007.3,9963,9885.8
"2020-06-10",9960.03,10156,10088.23,9962.12
"2020-06-11",9585.9,10105.8,9622.11,10085.42
"2020-06-12",9496.7,9849.57,9646.25,9621.7
"2020-06-15",9383.7,9814.7,9812.51,9578.12
"2020-06-16",9798.26,10012.46,9970.27,9814.29
"2020-06-17",9927.5,10059.18,9997.86,9958.5
"2020-06-18",9878.5,10040,9999.06,9989.3
"2020-06-19",9929.52,10122.8,9937.1,9995.77
"2020-06-22",9887.43,10146.1,10135.1,9909.53
"2020-06-23",9985.4,10307.74,10187.52,10133.1
"2020-06-24",9939.25,10252.5,10027.76,10193.8
"2020-06-25",9899.42,10118.21,10107.85,10019.04
"2020-06-26",9837.85,10131.5,9857,10100.55
"2020-06-29",9742.5,10008.05,9997.56,9797.47
"2020-06-30",9950.63,10183.06,10152,9989.66
"2020-07-01",10087.92,10322,10268.4,10148.68
"2020-07-02",10260,10432.48,10358.14,10269.9
"2020-07-03",10320.04,10399.8,10353.1,10360.02
"2020-07-06",10361.4,10623.8,10606.8,10363.9
"2020-07-07",10516.6,10705.1,10535.5,10614.3
"2020-07-08",10515.9,10683.1,10681.4,10536.2
"2020-07-09",10573.6,10784.8,10735.4,10691.1
"2020-07-10",10638.4,10859.4,10852.9,10737.5
"2020-07-13",10574.9,11072.1,10610.7,10868.6
"2020-07-14",10372.9,10704.3,10656.4,10614.5
"2020-07-15",10567.2,10779.6,10701,10719
"2020-07-16",10491.4,10711.7,10546.8,10706.8
"2020-07-17",10538.6,10682.9,10636.6,10543.4
"2020-07-20",10560.2,10972.3,10957.8,10644.2
"2020-07-21",10796.8,11069.7,10856,10961.8
"2020-07-22",10773.1,10927.3,10854.4,10862.6
"2020-07-23",10528.2,10949.3,10577.8,10858.3
"2020-07-24",10317.1,10611.1,10474.1,10582.1
"2020-07-27",10414.5,10693.6,10691.6,10499.6
"2020-07-28",10526.8,10768.3,10560.3,10692.6
"2020-07-29",10525.1,10710.3,10707.9,10570.2
"2020-07-30",10513.7,10905.7,10900.9,10710.6
"2020-07-31",10703.7,10949.7,10926.3,10919.7
"2020-08-03",10888.5,11084.4,11063.3,10938.5
"2020-08-04",10994.7,11107,11090.4,11065.8
"2020-08-05",11068.7,11156.2,11105.8,11093
"2020-08-06",11062.8,11281.4,11264.1,11103.3
"2020-08-07",11043.1,11290,11137.3,11267.6
"2020-08-10",10938.5,11154.1,11086.1,11138.3
"2020-08-11",10855.4,11164.3,10918.2,11078.3
"2020-08-12",10888.2,11189.9,11122.3,10946.9
"2020-08-13",11100.2,11273.2,11186.8,11123.1
"2020-08-14",11103.9,11243.4,11149.6,11184.5
"2020-08-17",11154,11305.9,11290.2,11157.6
"2020-08-18",11275.1,11421.5,11415.3,11290.3
"2020-08-19",11303.3,11440.5,11324.5,11418
"2020-08-20",11225.2,11498,11481.7,11322.4
"2020-08-21",11408.5,11576,11564.7,11483.4
"2020-08-24",11532,11725.4,11635.2,11581.8
"2020-08-25",11578.6,11745.4,11738.2,11640.4
"2020-08-26",11729.8,12004.1,11986.8,11742.7
"2020-08-27",11838.7,12049.7,11948.6,11987.1
"2020-08-28",11922.4,12020.1,12001.8,11955.2
"2020-08-31",11990.1,12167,12107.6,12001
"2020-09-01",12095.2,12328.9,12328.2,12113.9
"2020-09-02",12171.5,12465.3,12405.2,12324.7
"2020-09-03",11660.6,12437.1,11802.4,12410.2
"2020-09-04",11144.7,11844.3,11539,11749.4
"2020-09-07",11309,11548.1,11490.8,11529.9
"2020-09-08",11043.6,11585.4,11045.1,11506.1
"2020-09-09",10938.3,11480.3,11369.2,10981.8
"2020-09-10",11093.2,11568.1,11179.4,11378
"2020-09-11",10941.6,11359.9,11073.2,11258.4
"2020-09-14",11105.9,11362.4,11272.5,11106.4
"2020-09-15",11246.8,11496.7,11460.2,11280.3
"2020-09-16",11237.9,11549.3,11263.4,11464.2
"2020-09-17",10918.2,11302.4,11081.8,11270.7
"2020-09-18",10762.9,11176.5,10952.7,11073.5
"2020-09-21",10676.2,11026,10995.1,10938
"2020-09-22",10914,11207.1,11167.9,10981.5
"2020-09-23",10806,11238,10837.5,11176.6
"2020-09-24",10680.7,11028.3,10925.6,10822.6
"2020-09-25",10830.2,11179.2,11144.3,10933.7
"2020-09-28",11153.6,11414.1,11401.7,11159.9
"2020-09-29",11300.9,11458.9,11330,11398.1
"2020-09-30",11178.9,11536.1,11365,11330.1
"2020-10-01",11390.1,11607.5,11579.5,11390.8
"2020-10-02",11219.3,11613.3,11267.4,11575.5
"2020-10-05",11282.9,11510.2,11480.6,11327.3
"2020-10-06",11213.6,11538.9,11221.8,11485.5
"2020-10-07",11224.4,11520.4,11486.4,11235.1
"2020-10-08",11484.6,11592,11571.3,11486.8
"2020-10-09",11566.2,11751,11737.3,11577.8
"2020-10-12",11699.4,12204.4,12096.1,11733.7
"2020-10-13",12027.1,12256,12087.3,12106.7
"2020-10-14",11909.7,12183.9,11950.7,12088.9
"2020-10-15",11746.6,11991.1,11893.2,11958.8
"2020-10-16",11803.9,12033.8,11805,11901.9
"2020-10-19",11606.5,11961.3,11705.3,11829.6
"2020-10-20",11611,11802.2,11660.2,11705.7
"2020-10-21",11596.2,11789.8,11696.5,11690.7
"2020-10-22",11525.9,11734.8,11666.6,11692
"2020-10-23",11565,11702.9,11679.9,11684.8
"2020-10-26",11357.1,11707.6,11501.4,11610.7
"2020-10-27",11492.8,11634.8,11571.6,11511.8
"2020-10-28",11138.1,11578.4,11194.7,11533.3
"2020-10-29",11157.9,11467.8,11240,11206.8
"2020-10-30",10959.7,11291.4,11098.1,11205.9
"2020-11-02",10956,11225.3,11081.4,11012.8
"2020-11-03",11078.8,11359.1,11271.6,11100.5
"2020-11-04",11242.3,11850.9,11834.2,11329.1
"2020-11-05",11779,12125.4,12085.9,11803.7
"2020-11-06",11874.7,12114.3,12100.6,12072.3
"2020-11-09",11820.1,12414.1,11866.1,12239.2
"2020-11-10",11511.2,11899.3,11630.9,11863.3
"2020-11-11",11584.7,11924,11900.3,11607.2
"2020-11-12",11782,11980.5,11863.2,11903.1
"2020-11-13",11807.9,11957.5,11948.2,11857.6
"2020-11-16",11857.9,12077.6,12072.6,12051.1
"2020-11-17",11961.2,12062.7,11975.1,12054.6
"2020-11-18",11862.5,12029.5,11868.1,11981.5
"2020-11-19",11806.1,11999.9,11965.1,11883.1
"2020-11-20",11874.4,12019.6,11907.9,11938.4
"2020-11-23",11809.8,12002.6,11916.3,11933
"2020-11-24",11874.6,12104.5,12098.7,11954.4
"2020-11-25",12079.1,12178,12166,12127
"2020-11-26",12127.8,12221.9,12156.7,12180
"2020-11-27",12137.1,12309.1,12269.7,12155.5
"2020-11-30",12086.4,12319,12312.4,12315.2
"2020-12-01",12333.1,12511.6,12458,12348
"2020-12-02",12314.7,12472.4,12470.4,12451.4
"2020-12-03",12442.1,12538.8,12479.4,12465.7
"2020-12-04",12446.5,12533.6,12506.5,12483.6
"2020-12-07",12473.6,12610.2,12571.7,12542.8
"2020-12-08",12502.8,12651.6,12643.7,12574.6
"2020-12-09",12308.1,12663.9,12347.2,12646.5
"2020-12-10",12220.1,12451.3,12397,12364.9
"2020-12-11",12237.4,12404.8,12365.6,12396.2
"2020-12-14",12386.2,12545.7,12465.8,12419
"2020-12-15",12417.5,12605.6,12600.3,12474.7
"2020-12-16",12569.5,12699.4,12668.9,12592.8
"2020-12-17",12667,12763.9,12747,12678.5
"2020-12-18",12610.6,12786.9,12748.6,12748.4
"2020-12-21",12461.5,12775.2,12704.9,12749.7
"2020-12-22",12600,12759.7,12709.6,12702.3
"2020-12-23",12629.4,12743.3,12663.8,12725.7
"2020-12-24",12637.3,12730.7,12709,12661.6
"2020-12-28",12730.2,12861.3,12844.4,12739.5
"2020-12-29",12814.1,12923.9,12857.5,12858.3
"2020-12-30",12826,12912.8,12858,12849.3
"2020-12-31",12803.8,12901.6,12887.6,12856.5
"2021-01-04",12529.1,12963.6,12688.5,12869
"2021-01-05",12618.8,12817.5,12805,12682.4
"2021-01-06",12500.6,12852.9,12660.4,12804.4
"2021-01-07",12666.1,12967.7,12936.1,12682.5
"2021-01-08",12939,13133.3,13130.9,12949
"2021-01-11",12882.3,13104.2,12924.2,13090.4
"2021-01-12",12777.5,12968.1,12890,12932.6
"2021-01-13",12830.9,13009.8,12987.8,12909.5
"2021-01-14",12888.25,13034.85,12915.15,12977.55
"2021-01-15",12753.55,12936.95,12765.05,12924.55
"2021-01-18",12734.55,12823.75,12815.45,12753.45
"2021-01-19",12838.95,13039.35,13031.85,12839.25
"2021-01-20",13026.85,13333.95,13308.35,13056.85
"2021-01-21",13290.85,13431.25,13401.75,13322.15
"2021-01-22",13308.35,13404.85,13360.45,13392.15
"2021-01-25",13199.95,13562.75,13465.25,13406.95
"2021-01-26",13391.25,13606.95,13555.85,13472.15
"2021-01-27",12895.55,13579.95,13042.75,13568.15
"2021-01-28",12917.15,13403.45,13178.05,12989.65
"2021-01-29",12844.05,13175.05,12879.95,13145.65
"2021-02-01",12794.25,13281.75,13256.15,12804.75
"2021-02-02",13242.25,13517.45,13512.95,13272.15
"2021-02-03",13398.65,13595.75,13445.85,13500.95
"2021-02-04",13356.05,13574.35,13561.55,13454.15
"2021-02-05",13526.35,13643.65,13608.75,13559.55
"2021-02-08",13604.25,13698.05,13684.45,13644.45
"2021-02-09",13640.95,13742.55,13702.85,13688.05
"2021-02-10",13524.95,13775.55,13666.15,13694.45
"2021-02-11",13619.45,13750.05,13715.65,13659.85
"2021-02-12",13652.95,13825.05,13821.85,13737.05
"2021-02-15",13828.05,13883.45,13869.95,13830.85
"2021-02-16",13723.05,13905.25,13756.35,13862.75
"2021-02-17",13549.55,13788.35,13699.85,13734.35
"2021-02-18",13472.15,13724.75,13636.35,13706.25
"2021-02-19",13540.25,13730.15,13574.35,13616.85
"2021-02-22",13215.99,13629.49,13219.24,13592.24
"2021-02-23",12758.59,13336.59,13159.34,13229.34
"2021-02-24",12959.53,13334.53,13312.1,13170.28
"2021-02-25",12765,13354,12782.5,13328.5
"2021-02-26",12663.23,13090.23,12906.98,12778.98
"2021-03-01",12999.63,13319.13,13313.08,13005.13
"2021-03-02",13050.64,13327.64,13056.39,13319.89
"2021-03-03",12665.3,13192.8,12680.5,13096.55
"2021-03-04",12306.84,12796.84,12432.35,12593.84
"2021-03-05",12209.17,12697.92,12654.22,12406.92
"2021-03-08",12286.3,12717.3,12337.66,12671.8
"2021-03-09",12327.64,12868.64,12790.32,12372.64
"2021-03-10",12705.19,12994.44,12790.8,12811.44
"2021-03-11",12725.77,13120.52,13042.88,12771.52
"2021-03-12",12768.9,13094.65,12933.7,13069.65
"2021-03-15",12873.23,13099.98,13082.26,12947.98
"2021-03-16",13057.35,13297.85,13162.53,13071.35
"2021-03-17",12953.77,13290.27,13186.52,13186.27
"2021-03-18",12781.58,13285.83,12813.03,13208.58
"2021-03-19",12700.39,12915.89,12846,12801.39
"2021-03-22",12837.98,13174.98,13083.93,12859.48
"2021-03-23",12997.65,13189.9,13049.4,13096.4
"2021-03-24",12802.18,13162.68,12813.11,13053.18
"2021-03-25",12628.28,12877.78,12808.03,12822.28
"2021-03-26",12694.67,13006.92,12977.53,12802.17
"2021-03-29",12825.61,13020.61,12981.36,12992.46
"2021-03-30",12794.86,13002.11,12905.12,12992.71
"2021-03-31",12876.51,13174.76,13106.51,12905.44
"2021-04-01",13108.14,13349.64,13344.69,13112.24
"2021-04-02",13342.45,13409.2,13361.95,13345.05
"2021-04-05",13320.01,13631.01,13613.28,13355.11
"2021-04-06",13538.08,13669.01,13596.27,13618.61
"2021-04-07",13528.15,13656.15,13634.75,13591.12
"2021-04-08",13630.77,13804.77,13800.91,13633.12
"2021-04-09",13664.03,13855.78,13822.63,13801.63
"2021-04-12",13747.47,13846.97,13839.07,13833.07
"2021-04-13",13788.35,14009.35,13988.6,13839.35
"2021-04-14",13788.53,14044.28,13841.28,13987.89
"2021-04-15",13804.66,14049.16,14010.05,13841.66
"2021-04-16",13968.26,14074.26,14041.44,14012.51
"2021-04-19",13836.76,14067.76,13907.36,14000.61
"2021-04-20",13734.93,13949.18,13746.19,13914.61
"2021-04-21",13716.33,13942.58,13906.76,13755.68
"2021-04-22",13717.85,13959.6,13776.82,13907.2
"2021-04-23",13754.41,13997.16,13921.21,13770.41
"2021-04-26",13881.78,14052.53,14034.63,13935.38
"2021-04-27",13929.64,14064.94,13965.88,14041.02
"2021-04-28",13894.57,14008.75,13983.97,13968.91
"2021-04-29",13834.72,14079.87,13960.77,13984.78
"2021-04-30",13835.01,13971.98,13881.75,13956.76
"2021-05-03",13787.24,13962.49,13797.59,13895.19
"2021-05-04",13396.32,13807,13535.47,13800.37
"2021-05-05",13478.59,13680.71,13499.41,13540.91
"2021-05-06",13402.8,13624.8,13617.35,13497.1
"2021-05-07",13598.98,13827.48,13725.86,13624.51
"2021-05-10",13316.33,13762.33,13320.16,13726.14
"2021-05-11",13076.69,13386.29,13326.84,13325.24
"2021-05-12",12971.45,13362.5,12971.85,13348.5
"2021-05-13",12925.78,13234.13,13097.41,12978.95
"2021-05-14",13080.34,13434.79,13406.86,13103.86
"2021-05-17",13192.3,13456.85,13320.16,13387.75
"2021-05-18",13187.86,13441.46,13197.73,13315.33
"2021-05-19",12960.6,13247.7,13222.25,13181.67
"2021-05-20",13157.2,13528.55,13497.22,13223.97
"2021-05-21",13401.93,13574.69,13418.38,13497.61
"2021-05-24",13363.01,13691.96,13652.51,13389.03
"2021-05-25",13612.91,13743.81,13672.58,13656.52
"2021-05-26",13662.12,13733.9,13707.75,13674.92
"2021-05-27",13625.73,13725.6,13697.38,13707.4
"2021-05-28",13667.77,13768.37,13691.23,13697.07
"2021-05-31",13657.05,13724.48,13659.93,13704.1
"2021-06-01",13598.29,13778.04,13652.65,13659.52
"2021-06-02",13607.67,13716.79,13681.97,13653.09
"2021-06-03",13465.19,13709.24,13531.3,13681.86
"2021-06-04",13470.19,13786.39,13765.09,13531.94
"2021-06-07",13694.33,13825.61,13823.38,13775.86
"2021-06-08",13745,13919,13814.61,13823.86
"2021-06-09",13806.96,13906.41,13815.21,13813.86
"2021-06-10",13730.69,13978.09,13974.09,13812.72
"2021-06-11",13934.72,14000,13992.42,13974.65
"2021-06-14",13966.69,14134.44,14116.93,13999.39
"2021-06-15",14010.41,14163.33,14045.89,14116.23
"2021-06-16",13842.23,14106.86,13942.81,14045.22
"2021-06-17",13853.22,14209.43,14184.74,13948.12
"2021-06-18",14019.99,14213.76,14025.81,14189.31
"2021-06-21",13967.93,14152.18,14143.7,14024.58
"2021-06-22",14075.36,14287.33,14277.38,14145.03
"2021-06-23",14241.09,14323.72,14282.27,14282.02
"2021-06-24",14278.72,14430.04,14365.97,14282.59
"2021-06-25",14322.28,14402.55,14339.1,14366.3
"2021-06-28",14342.59,14528.54,14511.46,14358.09
"2021-06-29",14477.65,14592.8,14588.43,14509.45
"2021-06-30",14527.58,14606.75,14564.63,14590.15
"2021-07-01",14480.34,14613.99,14548.14,14565.45
"2021-07-02",14520.78,14735.88,14709.83,14546.68
"2021-07-05",14682.82,14729.47,14699.42,14711.65
"2021-07-06",14632.48,14796.61,14768.84,14697.41
"2021-07-07",14734.22,14890.47,14815.57,14765.42
"2021-07-08",14549.79,14829.09,14721.48,14814.91
"2021-07-09",14648.49,14839.31,14819.46,14715.63
"2021-07-12",14793.02,14896.09,14883.94,14831.19
"2021-07-13",14802.67,15002.52,14873.2,14883.01
"2021-07-14",14849.9,15003.62,14901.34,14871.23
"2021-07-15",14717.02,14970.92,14782.76,14900.69
"2021-07-16",14666.39,14877.64,14677.21,14783.29
"2021-07-19",14454.39,14691.44,14601.87,14683.71
"2021-07-20",14526.71,14791.09,14734.32,14603.66
"2021-07-21",14678.02,14848.29,14844.86,14737.04
"2021-07-22",14836.07,14991.69,14984.59,14845.32
"2021-07-23",14944.2,15127.07,15099.1,14987.89
"2021-07-26",15048.92,15143.65,15132.3,15107.45
"2021-07-27",14784.87,15141.4,14893.3,15135.07
"2021-07-28",14879.54,15083.61,14994.14,14881.66
"2021-07-29",14913.86,15092.66,14914.73,14993.11
"2021-07-30",14820.67,14988.75,14973.98,14937.9
"2021-08-02",14942.4,15065.55,14969.45,14979.26
"2021-08-03",14859.2,15059.62,15043.06,14966.07
"2021-08-04",15007.51,15117.76,15089.71,15045.12
"2021-08-05",15078.97,15180.99,15180.14,15089.8
"2021-08-06",15053.43,15174.73,15098.63,15168.25
"2021-08-09",15008.69,15150.92,15130.75,15087.04
"2021-08-10",15000.45,15162.45,15052.25,15131.18
"2021-08-11",14969.31,15123.81,15013.99,15048.51
"2021-08-12",14947.23,15095.48,15083.3,15011.78
"2021-08-13",15060.69,15146.79,15125.61,15078.11
"2021-08-16",14923.07,15143.5,15138.1,15118.87
"2021-08-17",14901.54,15137.47,14973.09,15133.57
"2021-08-18",14808.19,15038.52,14837.69,14966
"2021-08-19",14712.1,15000.2,14943.23,14838.52
"2021-08-20",14853.64,15101.49,15095.81,14943.64
"2021-08-23",15091.03,15339.48,15329.05,15091.55
"2021-08-24",15311.58,15385.58,15362.79,15327.46
"2021-08-25",15335.43,15398.38,15368.98,15363.11
"2021-08-26",15257.78,15369.08,15284.94,15368.96
"2021-08-27",15267.27,15445.35,15427.71,15286.15
"2021-08-30",15421.9,15619.1,15608.02,15434.4
"2021-08-31",15521.27,15679.04,15600.34,15605
"2021-09-01",15579.47,15698.05,15612.72,15600.97
"2021-09-02",15551.86,15680.99,15599.56,15609.54
"2021-09-03",15552.93,15676.31,15653.64,15598.06
"2021-09-06",15642.7,15708.8,15701.02,15654.47
"2021-09-07",15607.81,15701.81,15671.61,15700.21
"2021-09-08",15524.73,15691.16,15608.13,15668.55
"2021-09-09",15546.51,15675.34,15558.44,15609.51
"2021-09-10",15433.88,15667.76,15446.33,15559.16
"2021-09-13",15351.97,15565.34,15452.39,15448.77
"2021-09-14",15352.3,15530.3,15396.97,15448.53
"2021-09-15",15314.62,15520.62,15509.82,15394.73
"2021-09-16",15365.72,15538.6,15503.21,15509.55
"2021-09-17",15283.23,15534.75,15288.46,15500.4
"2021-09-20",14814.97,15344.9,14998.02,15290.92
"2021-09-21",14969.36,15168.83,14993.85,14997.11
"2021-09-22",14936.96,15232.28,15185.08,14998.08
"2021-09-23",15181.57,15352.42,15302.97,15183.87
"2021-09-24",15183.06,15340.16,15324.11,15304.34
"2021-09-27",15095.09,15405.62,15179.27,15325.12
"2021-09-28",14749.24,15198.54,14774.91,15178.56
"2021-09-29",14718.44,14932.22,14768.74,14775.49
"2021-09-30",14678.16,14889.31,14697.46,14780.21
"2021-10-01",14544.29,14824.54,14782.9,14708.72
"2021-10-04",14373.8,14840.1,14491.49,14784.7
"2021-10-05",14415.75,14758.95,14666.13,14497.13
"2021-10-06",14428.34,14774.74,14770.14,14663
"2021-10-07",14772.93,15005.26,14894.43,14773.18
"2021-10-08",14796.45,15000.47,14809.85,14895.75
"2021-10-11",14683.1,14902.55,14689.31,14816
"2021-10-12",14591.81,14789.16,14603.56,14690.72
"2021-10-13",14596.61,14799.1,14771.62,14596.61
"2021-10-14",14773.8,15077.67,15071.05,14775.67
"2021-10-15",15027.61,15150.24,15149.26,15065.11
"2021-10-18",15046.17,15303.94,15294.67,15151.57
"2021-10-19",15277.81,15435.43,15419.43,15295.83
"2021-10-20",15327.62,15454,15366.67,15418.42
"2021-10-21",15308.85,15491.13,15390.75,15362.27
"2021-10-22",15282.51,15470.76,15330.29,15390.94
"2021-10-25",15305.2,15553.95,15549.33,15332.35
"2021-10-26",15512.37,15709.25,15534.57,15550.17
"2021-10-27",15516.33,15725.68,15593.93,15535.58
"2021-10-28",15599.6,15783.45,15678.81,15599.96
"2021-10-29",15602.97,15870.37,15867.85,15685.43
"2021-11-01",15777.82,15922.47,15894.06,15891.52
"2021-11-02",15857.66,15988.24,15967.54,15898.79
"2021-11-03",15946.04,16153.37,16145.06,15951.79
"2021-11-04",16160.91,16384.11,16348.56,16164.91
"2021-11-05",16297.19,16452.94,16348.8,16345.49
"2021-11-08",16275.19,16398.14,16328.19,16290.37
"2021-11-09",16165.29,16395.79,16202.97,16314.06
"2021-11-10",15903.72,16247.62,15990.77,16203.4
"2021-11-11",15981.08,16118.43,16042.58,15996.33
"2021-11-12",16007.79,16217.92,16205.65,16044.9
"2021-11-15",16089.85,16281.87,16200.9,16218.9
"2021-11-16",16149.38,16327.48,16297.53,16198.91
"2021-11-17",16271.13,16397.13,16322.31,16295.91
"2021-11-18",16303.52,16506.57,16503.44,16323.32
"2021-11-19",16489.38,16627.58,16585.36,16501.4
"2021-11-22",16364.9,16766.72,16395.42,16601.33
"2021-11-23",16118.86,16418.36,16297.66,16398.31
"2021-11-24",16103.28,16367.83,16353.96,16298.78
"2021-11-25",16352.43,16435.78,16406.38,16356.78
"2021-11-26",15990.91,16413.33,16042.03,16405.71
"2021-11-29",16049.1,16438.32,16414.62,16049.1
"2021-11-30",16070.93,16456.18,16238.11,16414.36
"2021-12-01",15827.86,16427.94,15859.74,16239.11
"2021-12-02",15762.76,16064.64,16012.81,15899.37
"2021-12-03",15537.96,16118.99,15685.41,16015.66
"2021-12-06",15559.91,15896.16,15847.11,15718.19
"2021-12-07",15824.59,16373.71,16364.61,15845.48
"2021-12-08",16252.85,16433.63,16380.28,16364.9
"2021-12-09",16120.53,16418.9,16157.28,16374.75
"2021-12-10",16134.74,16334.79,16319.81,16150.71
"2021-12-13",16064.75,16409.9,16095.17,16324.3
"2021-12-14",15736.01,16133.66,15929.31,16087.54
"2021-12-15",15742.22,16300.02,16283.53,15928.4
"2021-12-16",15794.53,16457.31,15882.46,16288.71
"2021-12-17",15652.97,15956.72,15828,15870.02
"2021-12-20",15494.43,15852.61,15675.11,15809.11
"2021-12-21",15605.7,15986.25,15973.88,15672.88
"2021-12-22",15882.92,16182.82,16179.82,15976.94
"2021-12-23",16146.04,16355.01,16300.46,16176.71
"2021-12-24",16300.46,16300.46,16300.46,16300.46
"2021-12-27",16304.99,16581.47,16572.47,16304.99
"2021-12-28",16454.69,16657.59,16512.99,16566.37
"2021-12-29",16389.96,16565.36,16481.51,16518.64
"2021-12-30",16412.83,16568.4,16432.83,16485.1
"2021-12-31",16315.54,16464.74,16331.81,16432.91
"2022-01-03",16294.92,16509.72,16496.1,16358.12
"2022-01-04",16140.87,16563.65,16259.55,16494.02
"2022-01-05",15752.7,16266.7,15753.85,16259.7
"2022-01-06",15601.56,15894.44,15792.36,15760.99
"2022-01-07",15510.48,15852.16,15570.76,15795.24
"2022-01-10",15153.96,15668.99,15613.74,15591.26
"2022-01-11",15477.23,15840.03,15826.53,15623.16
"2022-01-12",15763.94,16009.67,15895.47,15828.22
"2022-01-13",15460.26,15978.76,15501.93,15900.31
"2022-01-14",15314.39,15619.16,15618.56,15505.54
"2022-01-17",15510.66,15652.16,15557.23,15618.68
"2022-01-18",15173.82,15605.37,15239.52,15565.25
"2022-01-19",15014.67,15371.5,15036.98,15241.42
"2022-01-20",14650.37,15342.95,14721.68,15044.75
"2022-01-21",14411.92,14860.12,14415.69,14725.17
"2022-01-24",13712.78,14582.58,14516.85,14414.33
"2022-01-25",13896,14503.25,13924.77,14499
"2022-01-26",13952.09,14643.17,14159.47,13952.09
"2022-01-27",13851.93,14414.13,14114.18,14195.05
"2022-01-28",13836.04,14445.19,14433.84,14170.44
"2022-01-31",14358.94,14918.69,14868.07,14459.19
"2022-02-01",14735.57,15141.37,15121.05,14873.37
"2022-02-02",14832.51,15264.86,14868.14,15132.53
"2022-02-03",14464.11,14874.38,14809.66,14857.16
"2022-02-04",14367.88,14829.26,14644.43,14772.78
"2022-02-07",14516.81,14809.68,14606.61,14695.98
"2022-02-08",14473.81,14779.94,14748.59,14602.67
"2022-02-09",14746.89,15071.77,15057.54,14750.89
"2022-02-10",14627.71,15064.01,14701.39,15060.26
"2022-02-11",14183.69,14767.06,14257.76,14699.99
"2022-02-14",14030.59,14392.94,14257.24,14251.74
"2022-02-15",14223.53,14613.78,14585.41,14255.93
"2022-02-16",14379.25,14663.97,14589.35,14584.25
"2022-02-17",14131.23,14615.58,14150.92,14583.45
"2022-02-18",13903.32,14294.99,13986.05,14150.22
"2022-02-21",13748.51,14154.41,13751.76,13949.19
"2022-02-22",13581.26,14106.09,13919.51,13674.14
"2022-02-23",13471.1,14067.2,13481.6,13926.3
"2022-02-24",13025.93,13981.03,13911.83,13479.83
"2022-02-25",13759.55,14194.45,14183.93,13907.33
"2022-02-28",13684.91,14288.74,14216.41,13898.54
"2022-03-01",13899.61,14325.14,14020.07,14218.04
"2022-03-02",13916.79,14294.11,14201.29,14025.91
"2022-03-03",13960.68,14395.28,14061.59,14200.56
"2022-03-04",13735.3,14086.72,13802.32,14067.72
"2022-03-07",13265.71,13880.81,13272.54,13764.78
"2022-03-08",13255.02,13289.9,13276.27,13272.65
"2022-03-09",13224.66,13822.43,13777.11,13252.73
"2022-03-10",13399.31,13763.8,13574.61,13747.01
"2022-03-11",13284.23,13860.78,13304.99,13597.74
"2022-03-14",13016.72,13445.61,13080.15,13360.56
"2022-03-15",12942.49,13486.45,13444.21,13103.21
"2022-03-16",13416.83,14028.03,13998.45,13440.5
"2022-03-17",13818.67,14131.72,14051.47,13959.47
"2022-03-18",13964.96,14436.59,14432.11,14023.96
"2022-03-21",14181.73,14463.58,14389.53,14414.15
"2022-03-22",14290.74,14687.69,14651.37,14365.99
"2022-03-23",14438.14,14678.47,14457.33,14660.89
"2022-03-24",14429.42,14764.85,14757.6,14462.1
"2022-03-25",14567.78,14834.68,14743.23,14740.33
"2022-03-28",14654.66,14992.31,14977.56,14751.68
"2022-03-29",14951.91,15264.11,15221.66,14975.91
"2022-03-30",15007.02,15256.32,15102.57,15219.45
"2022-03-31",14851.17,15175.27,14911.92,15093.3
"2022-04-01",14720.7,14953.85,14845.77,14914.5
"2022-04-04",14797.32,15170.07,15155.82,14841.95
"2022-04-05",14773.34,15190.11,14853.26,15149.89
"2022-04-06",14389.01,14852.81,14488.56,14852.18
"2022-04-07",14312.95,14626.57,14528.12,14487.52
"2022-04-08",14302.8,14634.15,14321.2,14526.43
"2022-04-11",13978.06,14363.73,13996.48,14340.48
"2022-04-12",13875.05,14270.92,13947.97,13999.85
"2022-04-13",13916.19,14259.82,14205.62,13950.24
"2022-04-14",13869.32,14288.32,13884.7,14209.07
"2022-04-18",13724.21,13996.54,13959.34,13886.34
"2022-04-19",13822.97,14234.82,14087.7,13957.62
"2022-04-20",13952.78,14291.56,14064.71,14096.91
"2022-04-21",13661.84,14276.91,13707.09,14064.46
"2022-04-22",13291.62,13773.47,13307.77,13707.87
"2022-04-25",13179.52,13544.92,13523.3,13330.92
"2022-04-26",12798.1,13578.48,12804.48,13521.98
"2022-04-27",12874.47,13251.3,13159.22,12878.72
"2022-04-28",13030.38,13537.63,13305.31,13182.06
"2022-04-29",12826.13,13426.95,12883.81,13195.9
"2022-05-02",12705.84,13080.09,13046.39,12889.26
"2022-05-03",12964.75,13178.37,13114.05,13043.92
"2022-05-04",12878.23,13549.86,13490.78,13113.03
"2022-05-05",12698.18,13540.35,12890.48,13498.98
"2022-05-06",12511.38,12919.38,12657.45,12875.8
"2022-05-09",12128.59,12629.02,12198.14,12597.02
"2022-05-10",12096.91,12540.59,12323.41,12207.04
"2022-05-11",11933.7,12547.35,12002,12322.87
"2022-05-12",11683.36,12124.73,11867.53,11991.41
"2022-05-13",11895.75,12425.32,12356.43,11895.87
"2022-05-16",12184.77,12491.82,12230.44,12402.82
"2022-05-17",12228.71,12571.78,12567.21,12228.71
"2022-05-18",11854.2,12584.7,11888.45,12566.58
"2022-05-19",11695.42,12067.52,11892.82,11892.32
"2022-05-20",11483.08,12087.85,11825.9,11893.38
"2022-05-23",11778.02,12068.19,12048.32,11857.34
"2022-05-24",11570.06,11907.61,11802.86,11907.61
"2022-05-25",11666.62,12026.97,11879.52,11802.27
"2022-05-26",11841.55,12335.9,12249.83,11887.95
"2022-05-27",12215.45,12712.32,12709.97,12243.82
"2022-05-30",12667.43,12876.03,12807.63,12700.93
"2022-05-31",12473.95,12818.5,12649,12805.38
"2022-06-01",12447.93,12815.43,12539.73,12655.6
"2022-06-02",12436.11,12895.91,12890.16,12541.53
"2022-06-03",12496.77,12938.2,12542.72,12890.2
"2022-06-06",12522.47,12805.42,12601.59,12546.79
"2022-06-07",12408.74,12736.36,12676.41,12603.54
"2022-06-08",12575.91,12779.66,12618.09,12677.71
"2022-06-09",12252.23,12722.58,12294.1,12616.35
"2022-06-10",11820.87,12336.39,11859.44,12298.58
"2022-06-13",11254.35,11765.9,11329.78,11765.9
"2022-06-14",11202.98,11503.25,11326.15,11336.9
"2022-06-15",11325.35,11760.42,11591.35,11333.22
"2022-06-16",11028.65,11732.45,11162.83,11611.45
"2022-06-17",11082.73,11356.61,11267.43,11164.91
"2022-06-20",11236.81,11399.31,11386.39,11293.69
"2022-06-21",11360.36,11639.68,11542.73,11387.98
"2022-06-22",11281.01,11706.11,11503.78,11539.03
"2022-06-23",11420.59,11726.67,11645.9,11502.59
"2022-06-24",11644.7,12107.57,12087.38,11649.32
"2022-06-27",11955,12221.9,12034.17,12098.8
"2022-06-28",11623.11,12134.44,11642.86,12037.24
"2022-06-29",11526.99,11711.11,11653.31,11642.79
"2022-06-30",11313.57,11658.37,11476.12,11653
"2022-07-01",11344.52,11589.59,11578.62,11473.53
"2022-07-04",11465.61,11582.74,11518.81,11572.24
"2022-07-05",11351.72,11777.89,11774.14,11520.39
"2022-07-06",11690.79,11936.52,11865.19,11782.32
"2022-07-07",11798.51,12129.96,12081.01,11861.76
"2022-07-08",11913.16,12171.38,12117.83,12076.18
"2022-07-11",11815.17,12110.09,11862.72,12110.09
"2022-07-12",11676.03,11988.16,11740.08,11863.08
"2022-07-13",11443.94,11930.81,11696.34,11744.46
"2022-07-14",11475.98,11799.11,11770.78,11692.78
"2022-07-15",11703.2,11983.1,11979.75,11775.6
"2022-07-18",11821.16,12148.53,11877.33,12002.53
"2022-07-19",11855.71,12293.48,12283.48,11878.98
"2022-07-20",12200.99,12481.96,12393.01,12296.26
"2022-07-21",12338.29,12619.47,12535.07,12401.09
"2022-07-22",12309.28,12659.53,12388.85,12523.33
"2022-07-25",12234.34,12465.86,12292.26,12413.89
"2022-07-26",12041.23,12302.58,12163.85,12279.73
"2022-07-27",12163.45,12660.32,12550.37,12164
"2022-07-28",12418.56,12916.49,12891.36,12548.61
"2022-07-29",12712.76,12978.39,12943.37,12883.31
"2022-08-01",12822.88,13078.76,12952.06,12961.06
"2022-08-02",12788.38,13068.73,12889.16,12945.41
"2022-08-03",12840.32,13282.65,13221.7,12895.07
"2022-08-04",13157.32,13327.72,13298.74,13215.37
"2022-08-05",13054.98,13352.65,13184.8,13295.53
"2022-08-08",13093.23,13391.11,13184.91,13200.16
"2022-08-09",12935.99,13205.67,13027.29,13176.04
"2022-08-10",12957.19,13378.91,13352.09,13023.59
"2022-08-11",13259.58,13546.46,13317.88,13352.01
"2022-08-12",13284.6,13554.48,13551.33,13316.73
"2022-08-15",13471.11,13680.83,13653.26,13544.88
"2022-08-16",13498.1,13715.1,13638.28,13649.78
"2022-08-17",13379.83,13643.86,13483.51,13631.51
"2022-08-18",13384.72,13548.19,13510.99,13474.87
"2022-08-19",13203.52,13508.15,13224.09,13505.69
"2022-08-22",12854.49,13200.29,12910.92,13158.42
"2022-08-23",12803.68,12997.78,12867.96,12915.46
"2022-08-24",12806.35,12991.08,12935.25,12871
"2022-08-25",12905.42,13140.62,13124.54,12926.42
"2022-08-26",12538.61,13199.71,12540.11,13142.11
"2022-08-29",12387.72,12594.8,12489.97,12468.1
"2022-08-30",12233.77,12643.67,12345.45,12492.2
"2022-08-31",12262.75,12498,12291.38,12352.55
"2022-09-01",12004.18,12284.3,12276.23,12266.23
"2022-09-02",12027.22,12447.97,12116.77,12284.02
"2022-09-05",12044.94,12156.64,12126.89,12109.06
"2022-09-06",11921.79,12234.81,12010.71,12124.96
"2022-09-07",11915.42,12297.49,12255.42,12008.42
"2022-09-08",12111.25,12371.62,12339.05,12264.55
"2022-09-09",12322.76,12606.83,12585.01,12339.51
"2022-09-12",12570.1,12769.98,12768.23,12644.35
"2022-09-13",12001.34,12863.99,12044.77,12772.77
"2022-09-14",12000.9,12170.25,12168.17,12051.05
"2022-09-15",11852.27,12181.45,11888.07,12158.95
"2022-09-16",11692.98,11874.15,11874.03,11860.9
"2022-09-19",11710.89,11984.66,11964.16,11841.41
"2022-09-20",11747.12,12010.54,11867.04,11964.92
"2022-09-21",11565.7,12055.65,11585.08,11862.45
"2022-09-22",11431.16,11716.69,11486.59,11584.46
"2022-09-23",11151.42,11521.97,11310.8,11499.22
"2022-09-26",11184.46,11464.93,11242.98,11305.48
"2022-09-27",11162.99,11495.24,11282.67,11246.42
"2022-09-28",11071.82,11541.54,11468.72,11287.84
"2022-09-29",11020.5,11492.8,11161.8,11478.05
"2022-09-30",10957.82,11288.57,10990.37,11155.12
"2022-10-03",10827.03,11293.73,11245.15,10961.9
"2022-10-04",11215.24,11606.56,11577.24,11246.49
"2022-10-05",11300.29,11641.16,11558.71,11571.09
"2022-10-06",11436.1,11660.1,11436.1,11557.1
"2022-10-07",10975,11494.93,11027.55,11420.8
"2022-10-10",10814.76,11071.78,10931.43,10993.43
"2022-10-11",10708.16,10979.29,10820.96,10930.96
"2022-10-12",10747.44,10915.72,10794.24,10812.49
"2022-10-13",10427.28,11083.9,11006.7,10804.2
"2022-10-14",10667.54,11193.69,10686.84,11011.84
"2022-10-17",10669.39,11090.26,11079.76,10669.39
"2022-10-18",11025.87,11373.5,11267.55,11125.17
"2022-10-19",10996.25,11326.55,11094.8,11276.8
"2022-10-20",10954.12,11273.94,11005.24,11083.99
"2022-10-21",10883.81,11332.46,11323.83,11004.46
"2022-10-24",11156.73,11476.68,11429.48,11348.43
"2022-10-25",11379.7,11676.7,11659.45,11406.45
"2022-10-26",11382.59,11651.84,11404.09,11455.34
"2022-10-27",11171.69,11487.94,11192.94,11375.94
"2022-10-28",11014.49,11556.99,11535.74,11088.24
"2022-10-31",11322.06,11541.81,11407.81,11539.56
"2022-11-01",11244.91,11574.91,11277.16,11415.91
"2022-11-02",10866.56,11415.58,10899.58,11280.58
"2022-11-03",10669.2,10956.2,10688.82,10893.72
"2022-11-04",10603.85,10932.2,10830.35,10670.35
"2022-11-07",10737.64,10999.62,10975.74,10740.14
"2022-11-08",10891.54,11193.04,11051.42,10975.94
"2022-11-09",10785.26,11126.39,10805.64,11057.41
"2022-11-10",10792.42,11641.3,11640.05,10811.57
"2022-11-11",11532.37,11838.62,11798.02,11630.27
"2022-11-14",11667.38,11863.38,11733.88,11749.03
"2022-11-15",11728.31,12084.56,11860.43,11736.56
"2022-11-16",11669.4,11924.3,11734.8,11841.55
"2022-11-17",11491.93,11791.06,11709.81,11742.58
"2022-11-18",11571.99,11807.74,11675.01,11715.26
"2022-11-21",11523,11724,11558.62,11693.75
"2022-11-22",11497.73,11729.96,11710.71,11558.73
"2022-11-23",11692.06,11864.06,11848.71,11720.06
"2022-11-24",11846.79,11905.04,11894.67,11847.94
"2022-11-25",11740.06,11897.31,11752.31,11887.21
"2022-11-28",11553.43,11766.05,11601.8,11708.95
"2022-11-29",11445.45,11684.58,11498.95,11598.85
"2022-11-30",11478.41,12058.16,12055.78,11497.16
"2022-12-01",11923.71,12115.86,12015.21,12059.11
"2022-12-02",11721,12047.73,11959.48,12024.23
"2022-12-05",11730.66,11996.28,11798.28,11990.18
"2022-12-06",11488.57,11831.94,11552.94,11793.09
"2022-12-07",11411.86,11583.98,11486.73,11557.38
"2022-12-08",11424.3,11674.55,11626.3,11494.2
"2022-12-09",11509.31,11725.79,11542.31,11630.81
"2022-12-12",11518.53,11710.63,11692.88,11550.28
"2022-12-13",11677.26,12206.91,11827.91,11698.91
"2022-12-14",11609.79,11944.52,11766.04,11833.29
"2022-12-15",11283.07,11775.32,11328.07,11753.97
"2022-12-16",11162.48,11377.48,11206.23,11339.88
"2022-12-19",11022.76,11301.51,11075.51,11219.16
"2022-12-20",10938.49,11140.49,11087.24,11081.87
"2022-12-21",11076.86,11284.86,11250.61,11104.63
"2022-12-22",10765.33,11279.21,10939.48,11251.83
"2022-12-23",10815.58,11041.71,10966.33,10954.46
"2022-12-27",10801.18,11088.06,10816.68,11042.43
"2022-12-28",10666.29,10901.92,10691.42,10818.42
"2022-12-29",10686.82,10980.57,10938.94,10697.84
"2022-12-30",10763.99,10958.99,10948.64,10941.89
"2023-01-03",10759.09,11093.47,10854.24,11046.74
"2023-01-04",10777.04,10980.04,10896.54,10838.17
"2023-01-05",10718.96,10959.34,10750.84,10909.86
"2023-01-06",10667.6,11081.22,11024.6,10754.62
"2023-01-09",11038.51,11302.61,11101.61,11044.49
"2023-01-10",11013.4,11207.52,11200.15,11105.27
"2023-01-11",11159.47,11398.85,11394.97,11201.35
"2023-01-12",11213.67,11498.15,11441.4,11394.27
"2023-01-13",11310.57,11539.32,11521.32,11445.69
"2023-01-16",11436.31,11562.81,11492.18,11536.06
"2023-01-17",11457.19,11611.31,11549.31,11498.06
"2023-01-18",11396.3,11686.8,11410.8,11541.8
"2023-01-19",11239.4,11417.28,11324.03,11400.78
"2023-01-20",11298.47,11617.59,11609.99,11334.74
"2023-01-23",11586.1,11918.1,11870.85,11617
"2023-01-24",11771.16,11944.66,11906.18,11871.03
"2023-01-25",11542.02,11911.4,11811.77,11909.17
"2023-01-26",11806.49,12051.74,11997.76,11808.01
"2023-01-27",11954.95,12245.33,12160.08,11985.33
"2023-01-30",11902.82,12193.07,11931.2,12146.47
"2023-01-31",11816.2,12100.2,12064.45,11932.1
"2023-02-01",12002.54,12468.17,12450.69,12061.92
"2023-02-02",12446.63,12891.78,12616.78,12473.03
"2023-02-03",12496.16,12821.78,12559.68,12683.43
"2023-02-06",12407.02,12557.52,12461.9,12522.02
"2023-02-07",12411.28,12769.65,12691.4,12467.78
"2023-02-08",12465.02,12758.65,12510.15,12703.4
"2023-02-09",12320.15,12680.65,12402.65,12505.4
"2023-02-10",12196.48,12403.73,12292.38,12390.61
"2023-02-13",12224.15,12524.9,12503.02,12312.17
"2023-02-14",12348.98,12639.88,12576.36,12501.36
"2023-02-15",12481.52,12711.52,12703.92,12576.15
"2023-02-16",12411.53,12748.41,12421.91,12695.18
"2023-02-17",12224.28,12418.18,12342.78,12418.18
"2023-02-20",12310.66,12381.04,12338.66,12335.31
"2023-02-21",12057.6,12344.73,12077.35,12329.23
"2023-02-22",12002.44,12158.19,12133.59,12077.32
"2023-02-23",11996.36,12227.98,12160.36,12146.11
"2023-02-24",11891.98,12182.88,11968.88,12156.88
"2023-02-27",11964.52,12163.27,12069.27,11972.42
"2023-02-28",12000.92,12147.09,12015.34,12079.74
"2023-03-01",11901.66,12118.03,11961.03,12010.91
"2023-03-02",11809.37,12072.74,12028.12,11943.64
"2023-03-03",11990.44,12035.32,12005.69,12021.09